"ID","Process ID","Process Name","Host Name","Kernel Name","Context","Stream","Block Size","Grid Size","Device","CC","c2clink__enabled_mask","c2clink__present","device__attribute_architecture","device__attribute_async_engine_count","device__attribute_can_flush_remote_writes","device__attribute_can_map_host_memory","device__attribute_can_tex2d_gather","device__attribute_can_use_64_bit_stream_mem_ops","device__attribute_can_use_64_bit_stream_mem_ops_v1","device__attribute_can_use_host_pointer_for_registered_mem","device__attribute_can_use_stream_mem_ops_v1","device__attribute_can_use_stream_wait_value_nor","device__attribute_can_use_stream_wait_value_nor_v1","device__attribute_chip","device__attribute_clock_rate","device__attribute_cluster_launch","device__attribute_compute_capability_major","device__attribute_compute_capability_minor","device__attribute_compute_mode","device__attribute_compute_preemption_supported","device__attribute_concurrent_kernels","device__attribute_concurrent_managed_access","device__attribute_confidential_computing_mode","device__attribute_cooperative_launch","device__attribute_cooperative_multi_device_launch","device__attribute_deferred_mapping_cuda_array_supported","device__attribute_device_index","device__attribute_direct_managed_mem_access_from_host","device__attribute_display_name","device__attribute_dma_buf_supported","device__attribute_ecc_enabled","device__attribute_fb_bus_width","device__attribute_fbp_count","device__attribute_generic_compression_supported","device__attribute_global_l1_cache_supported","device__attribute_global_memory_bus_width","device__attribute_gpu_direct_rdma_flush_writes_options","device__attribute_gpu_direct_rdma_supported","device__attribute_gpu_direct_rdma_with_cuda_vmm_supported","device__attribute_gpu_direct_rdma_writes_ordering","device__attribute_gpu_overlap","device__attribute_gpu_pci_device_id","device__attribute_gpu_pci_ext_device_id","device__attribute_gpu_pci_ext_downstream_link_rate","device__attribute_gpu_pci_ext_downstream_link_width","device__attribute_gpu_pci_ext_gen","device__attribute_gpu_pci_ext_gpu_gen","device__attribute_gpu_pci_ext_gpu_link_rate","device__attribute_gpu_pci_ext_gpu_link_width","device__attribute_gpu_pci_revision_id","device__attribute_gpu_pci_sub_system_id","device__attribute_handle_type_fabric_supported","device__attribute_handle_type_posix_file_descriptor_supported","device__attribute_handle_type_win32_handle_supported","device__attribute_handle_type_win32_kmt_handle_supported","device__attribute_host_native_atomic_supported","device__attribute_host_numa_id","device__attribute_host_register_supported","device__attribute_implementation","device__attribute_integrated","device__attribute_ipc_event_supported","device__attribute_kernel_exec_timeout","device__attribute_l2_cache_size","device__attribute_l2s_count","device__attribute_limits_max_cta_per_sm","device__attribute_limits_num_tpcs","device__attribute_local_l1_cache_supported","device__attribute_managed_memory","device__attribute_max_access_policy_window_size","device__attribute_max_block_dim_x","device__attribute_max_block_dim_y","device__attribute_max_block_dim_z","device__attribute_max_blocks_per_multiprocessor","device__attribute_max_gpu_frequency_khz","device__attribute_max_grid_dim_x","device__attribute_max_grid_dim_y","device__attribute_max_grid_dim_z","device__attribute_max_ipc_per_multiprocessor","device__attribute_max_ipc_per_scheduler","device__attribute_max_mem_frequency_khz","device__attribute_max_persisting_l2_cache_size","device__attribute_max_pitch","device__attribute_max_registers_per_block","device__attribute_max_registers_per_multiprocessor","device__attribute_max_registers_per_thread","device__attribute_max_shared_memory_per_block","device__attribute_max_shared_memory_per_block_optin","device__attribute_max_shared_memory_per_multiprocessor","device__attribute_max_threads_per_block","device__attribute_max_threads_per_multiprocessor","device__attribute_max_warps_per_multiprocessor","device__attribute_max_warps_per_scheduler","device__attribute_maximum_surface1d_layered_layers","device__attribute_maximum_surface1d_layered_width","device__attribute_maximum_surface1d_width","device__attribute_maximum_surface2d_height","device__attribute_maximum_surface2d_layered_height","device__attribute_maximum_surface2d_layered_layers","device__attribute_maximum_surface2d_layered_width","device__attribute_maximum_surface2d_width","device__attribute_maximum_surface3d_depth","device__attribute_maximum_surface3d_height","device__attribute_maximum_surface3d_width","device__attribute_maximum_surfacecubemap_layered_layers","device__attribute_maximum_surfacecubemap_layered_width","device__attribute_maximum_surfacecubemap_width","device__attribute_maximum_texture1d_layered_layers","device__attribute_maximum_texture1d_layered_width","device__attribute_maximum_texture1d_linear_width","device__attribute_maximum_texture1d_mipmapped_width","device__attribute_maximum_texture1d_width","device__attribute_maximum_texture2d_gather_height","device__attribute_maximum_texture2d_gather_width","device__attribute_maximum_texture2d_height","device__attribute_maximum_texture2d_layered_height","device__attribute_maximum_texture2d_layered_layers","device__attribute_maximum_texture2d_layered_width","device__attribute_maximum_texture2d_linear_height","device__attribute_maximum_texture2d_linear_pitch","device__attribute_maximum_texture2d_linear_width","device__attribute_maximum_texture2d_mipmapped_height","device__attribute_maximum_texture2d_mipmapped_width","device__attribute_maximum_texture2d_width","device__attribute_maximum_texture3d_depth","device__attribute_maximum_texture3d_depth_alternate","device__attribute_maximum_texture3d_height","device__attribute_maximum_texture3d_height_alternate","device__attribute_maximum_texture3d_width","device__attribute_maximum_texture3d_width_alternate","device__attribute_maximum_texturecubemap_layered_layers","device__attribute_maximum_texturecubemap_layered_width","device__attribute_maximum_texturecubemap_width","device__attribute_mem_sync_domain_count","device__attribute_memory_clock_rate","device__attribute_memory_pools_supported","device__attribute_mempool_supported_handle_types","device__attribute_mps_enabled","device__attribute_multi_gpu_board","device__attribute_multi_gpu_board_group_id","device__attribute_multicast_supported","device__attribute_multiprocessor_count","device__attribute_num_l2s_per_fbp","device__attribute_num_schedulers_per_multiprocessor","device__attribute_num_tex_per_multiprocessor","device__attribute_numa_config","device__attribute_pageable_memory_access","device__attribute_pageable_memory_access_uses_host_page_tables","device__attribute_pci_bus_id","device__attribute_pci_device_id","device__attribute_pci_domain_id","device__attribute_ram_location","device__attribute_ram_type","device__attribute_reserved_shared_memory_per_block","device__attribute_sass_level","device__attribute_single_to_double_precision_perf_ratio","device__attribute_sparse_cuda_array_supported","device__attribute_stream_priorities_supported","device__attribute_surface_alignment","device__attribute_tcc_driver","device__attribute_tensor_map_access_supported","device__attribute_texture_alignment","device__attribute_texture_pitch_alignment","device__attribute_total_constant_memory","device__attribute_total_memory","device__attribute_unified_addressing","device__attribute_unified_function_pointers","device__attribute_virtual_address_management_supported","device__attribute_warp_size","gpu__time_duration.sum","l1tex__t_sectors_pipe_lsu_mem_global_op_ld_lookup_miss.avg","l1tex__t_sectors_pipe_lsu_mem_global_op_ld_lookup_miss.max","l1tex__t_sectors_pipe_lsu_mem_global_op_ld_lookup_miss.min","l1tex__t_sectors_pipe_lsu_mem_global_op_ld_lookup_miss.sum","l1tex__t_sectors_pipe_lsu_mem_global_op_st_lookup_miss.avg","l1tex__t_sectors_pipe_lsu_mem_global_op_st_lookup_miss.max","l1tex__t_sectors_pipe_lsu_mem_global_op_st_lookup_miss.min","l1tex__t_sectors_pipe_lsu_mem_global_op_st_lookup_miss.sum","launch__barrier_count","launch__block_dim_x","launch__block_dim_y","launch__block_dim_z","launch__block_size","launch__context_id","launch__device_id","launch__func_cache_config","launch__function_pcs","launch__grid_dim_x","launch__grid_dim_y","launch__grid_dim_z","launch__grid_size","launch__kernel_name","launch__occupancy_limit_blocks","launch__occupancy_limit_registers","launch__occupancy_limit_shared_mem","launch__occupancy_limit_warps","launch__occupancy_per_block_size","launch__occupancy_per_register_count","launch__occupancy_per_shared_mem_size","launch__registers_per_thread","launch__registers_per_thread_allocated","launch__shared_mem_config_size","launch__shared_mem_per_block","launch__shared_mem_per_block_allocated","launch__shared_mem_per_block_driver","launch__shared_mem_per_block_dynamic","launch__shared_mem_per_block_static","launch__sm_count","launch__stack_size","launch__stream_id","launch__thread_count","launch__tpc_count","launch__tpc_enabled","launch__uses_cdp","launch__uses_green_context","launch__uses_vgpu","launch__waves_per_multiprocessor","numa__cpu_affinity","numa__dev_display_name_all","numa__id_cpu","numa__id_memory","nvlink__bandwidth","nvlink__count_logical","nvlink__count_physical","nvlink__destination_ports","nvlink__dev0Id","nvlink__dev0type","nvlink__dev1Id","nvlink__dev1type","nvlink__dev_display_name_all","nvlink__enabled_mask","nvlink__is_direct_link","nvlink__is_nvswitch_connected","nvlink__max_count","nvlink__peer_access","nvlink__peer_atomic","nvlink__source_ports","nvlink__system_access","nvlink__system_atomic","profiler__perfworks_session_reuse","profiler__replayer_bytes_mem_accessible.avg","profiler__replayer_bytes_mem_accessible.max","profiler__replayer_bytes_mem_accessible.min","profiler__replayer_bytes_mem_accessible.sum","profiler__replayer_bytes_mem_backed_up.avg","profiler__replayer_bytes_mem_backed_up.max","profiler__replayer_bytes_mem_backed_up.min","profiler__replayer_bytes_mem_backed_up.sum","profiler__replayer_passes","profiler__replayer_passes_type_warmup","sass__inst_executed_global_loads","sass__inst_executed_global_stores","sass__inst_executed_local_loads","sass__inst_executed_local_stores","sass__inst_executed_shared_loads","sass__inst_executed_shared_stores","sm__maximum_warps_avg_per_active_cycle","sm__maximum_warps_per_active_cycle_pct","sm__ops_path_tensor_src_bf16_dst_fp32.avg","sm__ops_path_tensor_src_bf16_dst_fp32.max","sm__ops_path_tensor_src_bf16_dst_fp32.min","sm__ops_path_tensor_src_bf16_dst_fp32.sum","sm__ops_path_tensor_src_fp16_dst_fp16.avg","sm__ops_path_tensor_src_fp16_dst_fp16.max","sm__ops_path_tensor_src_fp16_dst_fp16.min","sm__ops_path_tensor_src_fp16_dst_fp16.sum","sm__ops_path_tensor_src_fp16_dst_fp32.avg","sm__ops_path_tensor_src_fp16_dst_fp32.max","sm__ops_path_tensor_src_fp16_dst_fp32.min","sm__ops_path_tensor_src_fp16_dst_fp32.sum","sm__ops_path_tensor_src_fp64.avg","sm__ops_path_tensor_src_fp64.max","sm__ops_path_tensor_src_fp64.min","sm__ops_path_tensor_src_fp64.sum","sm__ops_path_tensor_src_fp8.avg","sm__ops_path_tensor_src_fp8.max","sm__ops_path_tensor_src_fp8.min","sm__ops_path_tensor_src_fp8.sum","sm__ops_path_tensor_src_tf32_dst_fp32.avg","sm__ops_path_tensor_src_tf32_dst_fp32.max","sm__ops_path_tensor_src_tf32_dst_fp32.min","sm__ops_path_tensor_src_tf32_dst_fp32.sum","sm__sass_inst_executed_op_shared_ld.avg","sm__sass_inst_executed_op_shared_ld.max","sm__sass_inst_executed_op_shared_ld.min","sm__sass_inst_executed_op_shared_ld.sum","smsp__maximum_warps_avg_per_active_cycle","smsp__sass_inst_executed_op_global_ld.avg","smsp__sass_inst_executed_op_global_ld.max","smsp__sass_inst_executed_op_global_ld.min","smsp__sass_inst_executed_op_global_ld.sum","smsp__sass_inst_executed_op_global_st.avg","smsp__sass_inst_executed_op_global_st.max","smsp__sass_inst_executed_op_global_st.min","smsp__sass_inst_executed_op_global_st.sum","smsp__sass_inst_executed_op_local_ld.avg","smsp__sass_inst_executed_op_local_ld.max","smsp__sass_inst_executed_op_local_ld.min","smsp__sass_inst_executed_op_local_ld.sum","smsp__sass_inst_executed_op_local_st.avg","smsp__sass_inst_executed_op_local_st.max","smsp__sass_inst_executed_op_local_st.min","smsp__sass_inst_executed_op_local_st.sum","smsp__sass_inst_executed_op_shared_ld.avg","smsp__sass_inst_executed_op_shared_ld.max","smsp__sass_inst_executed_op_shared_ld.min","smsp__sass_inst_executed_op_shared_ld.sum","smsp__sass_inst_executed_op_shared_st.avg","smsp__sass_inst_executed_op_shared_st.max","smsp__sass_inst_executed_op_shared_st.min","smsp__sass_inst_executed_op_shared_st.sum","smsp__sass_thread_inst_executed_op_dadd_pred_on.avg","smsp__sass_thread_inst_executed_op_dadd_pred_on.max","smsp__sass_thread_inst_executed_op_dadd_pred_on.min","smsp__sass_thread_inst_executed_op_dadd_pred_on.sum","smsp__sass_thread_inst_executed_op_dfma_pred_on.avg","smsp__sass_thread_inst_executed_op_dfma_pred_on.max","smsp__sass_thread_inst_executed_op_dfma_pred_on.min","smsp__sass_thread_inst_executed_op_dfma_pred_on.sum","smsp__sass_thread_inst_executed_op_dmul_pred_on.avg","smsp__sass_thread_inst_executed_op_dmul_pred_on.max","smsp__sass_thread_inst_executed_op_dmul_pred_on.min","smsp__sass_thread_inst_executed_op_dmul_pred_on.sum","smsp__sass_thread_inst_executed_op_fadd_pred_on.avg","smsp__sass_thread_inst_executed_op_fadd_pred_on.max","smsp__sass_thread_inst_executed_op_fadd_pred_on.min","smsp__sass_thread_inst_executed_op_fadd_pred_on.sum","smsp__sass_thread_inst_executed_op_ffma_pred_on.avg","smsp__sass_thread_inst_executed_op_ffma_pred_on.max","smsp__sass_thread_inst_executed_op_ffma_pred_on.min","smsp__sass_thread_inst_executed_op_ffma_pred_on.sum","smsp__sass_thread_inst_executed_op_fmul_pred_on.avg","smsp__sass_thread_inst_executed_op_fmul_pred_on.max","smsp__sass_thread_inst_executed_op_fmul_pred_on.min","smsp__sass_thread_inst_executed_op_fmul_pred_on.sum","smsp__sass_thread_inst_executed_op_hadd_pred_on.avg","smsp__sass_thread_inst_executed_op_hadd_pred_on.max","smsp__sass_thread_inst_executed_op_hadd_pred_on.min","smsp__sass_thread_inst_executed_op_hadd_pred_on.sum","smsp__sass_thread_inst_executed_op_hfma_pred_on.avg","smsp__sass_thread_inst_executed_op_hfma_pred_on.max","smsp__sass_thread_inst_executed_op_hfma_pred_on.min","smsp__sass_thread_inst_executed_op_hfma_pred_on.sum","smsp__sass_thread_inst_executed_op_hmul_pred_on.avg","smsp__sass_thread_inst_executed_op_hmul_pred_on.max","smsp__sass_thread_inst_executed_op_hmul_pred_on.min","smsp__sass_thread_inst_executed_op_hmul_pred_on.sum"
"","","","","","","","","","","","","","","","","","","","","","","","","","","","","","","","","","","","","","","","","","","","","","","","","","","","","","","","","","","","","","","","","","","","","","","","","","","","","","","","","","","","","","","","","","","","","","","","","","","","","","","","","","","","","","","","","","","","","","","","","","","","","","","","","","","","","","","","","","","","","","","","","","","","","","","","","","","","","","","","","","","","","","","","","","","","","","","","","","","","us","sector","sector","sector","sector","sector","sector","sector","sector","","block","block","block","","","","","","","","","","","block","block","block","block","","","","register/thread","register/thread","Kbyte","Kbyte/block","Kbyte/block","Kbyte/block","byte/block","Kbyte/block","SM","","","thread","","","","","","","","","","","","","","","","","","","","","","","","","","","","","","Mbyte","Mbyte","Mbyte","Mbyte","Mbyte","Mbyte","Mbyte","Mbyte","pass","pass","inst","inst","inst","inst","inst","inst","warp","%","","","","","","","","","","","","","","","","","","","","","","","","","inst","inst","inst","inst","warp","inst","inst","inst","inst","inst","inst","inst","inst","inst","inst","inst","inst","inst","inst","inst","inst","inst","inst","inst","inst","inst","inst","inst","inst","inst","inst","inst","inst","inst","inst","inst","inst","inst","inst","inst","inst","inst","inst","inst","inst","inst","inst","inst","inst","inst","inst","inst","inst","inst","inst","inst","inst","inst","inst","inst","inst","inst","inst","inst","inst"
"0","476625","python3.12","127.0.0.1","void at::<unnamed>::distribution_elementwise_grid_stride_kernel<float, 4, void templates::normal_and_transform<float, float, at::CUDAGeneratorImpl *, void templates::normal_kernel<at::CUDAGeneratorImpl *>(const at::TensorBase &, double, double, T1)::[lambda() (instance 1)]::operator ()() const::[lambda() (instance 2)]::operator ()() const::[lambda(float) (instance 1)]>(at::TensorIteratorBase &, T3, T4)::[lambda(curandStatePhilox4_32_10 *) (instance 2)], void at::<unnamed>::distribution_nullary_kernel<float, float, float4, at::CUDAGeneratorImpl *, void templates::normal_and_transform<float, float, at::CUDAGeneratorImpl *, void templates::normal_kernel<at::CUDAGeneratorImpl *>(const at::TensorBase &, double, double, T1)::[lambda() (instance 1)]::operator ()() const::[lambda() (instance 2)]::operator ()() const::[lambda(float) (instance 1)]>(at::TensorIteratorBase &, T3, T4)::[lambda(curandStatePhilox4_32_10 *) (instance 2)], void templates::normal_kernel<at::CUDAGeneratorImpl *>(const at::TensorBase &, double, double, T1)::[lambda() (instance 1)]::operator ()() const::[lambda() (instance 2)]::operator ()() const::[lambda(float) (instance 1)]>(at::TensorIteratorBase &, T4, const T5 &, T6)::[lambda(int, float) (instance 1)]>(long, at::PhiloxCudaState, T3, T4)","1","7","(256, 1, 1)","(16, 1, 1)","0","8.9","0","0","400","2","0","1","1","1","0","1","0","1","0","402","2,565,000","0","8","9","0","1","1","1","No-CC","1","1","1","0","0","NVIDIA GeForce RTX 4090","0","0","384","6","1","1","384","1","0","0","0","1","646,189,278","9,860","32,000","16","3","3","16,000","16","161","2,296,778,819","1","1","0","0","0","0","1","402","0","1","1","75,497,472","48","24","64","1","1","134,213,632","1,024","1,024","64","24","2,565,000","2,147,483,647","65,535","65,535","4","1","10,501,000","51,904,512","2,147,483,647","65,536","65,536","255","49,152","101,376","102,400","1,024","1,536","48","12","2,048","32,768","32,768","65,536","32,768","2,048","32,768","131,072","16,384","16,384","16,384","2,046","32,768","32,768","2,048","32,768","268,435,456","32,768","131,072","32,768","32,768","65,536","32,768","2,048","32,768","65,000","2,097,120","131,072","32,768","32,768","131,072","16,384","32,768","16,384","8,192","16,384","8,192","2,046","32,768","32,768","1","10,501,000","1","9","0","0","0","0","128","8","4","1","0","1","0","1","0","0","1","0","1,024","8","64","1","1","512","0","0","512","32","65,536","25,250,627,584","1","0","1","32","2.304000","0.000000","0.000000","0.000000","0.000000","4.000000","32.000000","0.000000","512.000000","1","256","1","1","256","1","0","CachePreferNone","1","16","1","1","16","","24.000000","6.000000","16.000000","6.000000","2,484","4,976","1,176","40","40.000000","16.384000","1.024000","1.024000","1.024000","0","0.000000","128","1,024","7","4096","64","all","0","0","0","0.02","1","1","1","1","0","0","0","0","0","0","0","0","1","0","0","0","0","0","0","0","0","0","0","65.230179","65.230179","65.230179","456.611253","65.230179","65.230179","65.230179","456.611253","7.000000","0","0.000000","128.000000","0","0","0.000000","0.000000","48.000000","100.000000","0","0","0","0","0","0","0","0","0","0","0","0","0","0","0","0","0","0","0","0","0","0","0","0","0.000000","0.000000","0.000000","0.000000","12.000000","0.000000","0.000000","0.000000","0.000000","0.250000","2.000000","0.000000","128.000000","0","0","0","0","0","0","0","0","0.000000","0.000000","0.000000","0.000000","0.000000","0.000000","0.000000","0.000000","0","0","0","0","0","0","0","0","0","0","0","0","16.000000","128.000000","0.000000","8192.000000","248.000000","1984.000000","0.000000","126976.000000","112.000000","896.000000","0.000000","57344.000000","0","0","0","0","0","0","0","0","0","0","0","0"
"1","476625","python3.12","127.0.0.1","ampere_sgemm_32x32_sliced1x4_tn","1","7","(128, 1, 1)","(32, 1, 8)","0","8.9","0","0","400","2","0","1","1","1","0","1","0","1","0","402","2,565,000","0","8","9","0","1","1","1","No-CC","1","1","1","0","0","NVIDIA GeForce RTX 4090","0","0","384","6","1","1","384","1","0","0","0","1","646,189,278","9,860","32,000","16","3","3","16,000","16","161","2,296,778,819","1","1","0","0","0","0","1","402","0","1","1","75,497,472","48","24","64","1","1","134,213,632","1,024","1,024","64","24","2,565,000","2,147,483,647","65,535","65,535","4","1","10,501,000","51,904,512","2,147,483,647","65,536","65,536","255","49,152","101,376","102,400","1,024","1,536","48","12","2,048","32,768","32,768","65,536","32,768","2,048","32,768","131,072","16,384","16,384","16,384","2,046","32,768","32,768","2,048","32,768","268,435,456","32,768","131,072","32,768","32,768","65,536","32,768","2,048","32,768","65,000","2,097,120","131,072","32,768","32,768","131,072","16,384","32,768","16,384","8,192","16,384","8,192","2,046","32,768","32,768","1","10,501,000","1","9","0","0","0","0","128","8","4","1","0","1","0","1","0","0","1","0","1,024","8","64","1","1","512","0","0","512","32","65,536","25,250,627,584","1","0","1","32","9.248000","1152.000000","1152.000000","1152.000000","147456.000000","32.000000","32.000000","32.000000","4096.000000","1","128","1","1","128","1","0","CachePreferNone","1","32","1","8","256","","24.000000","5.000000","3.000000","12.000000","575","2,732","1,836","86","88.000000","102.400000","33.792000","33.792000","1.024000","0","32.768000","128","1,024","7","32768","64","all","0","0","0","0.67","1","1","1","1","0","0","0","0","0","0","0","0","1","0","0","0","0","0","0","0","0","0","0","94.722515","94.722515","94.722515","663.057605","94.722515","94.722515","94.722515","663.057605","7.000000","0","36864.000000","1024.000000","0","0","138240.000000","91136.000000","12.000000","25.000000","0","0","0","0","0","0","0","0","0","0","0","0","0","0","0","0","0","0","0","0","0","0","0","0","1080.000000","1080.000000","1080.000000","138240.000000","3.000000","72.000000","128.000000","16.000000","36864.000000","2.000000","4.000000","0.000000","1024.000000","0","0","0","0","0","0","0","0","270.000000","270.000000","270.000000","138240.000000","178.000000","178.000000","178.000000","91136.000000","0","0","0","0","0","0","0","0","0","0","0","0","1536.000000","1536.000000","1536.000000","786432.000000","65536.000000","65536.000000","65536.000000","33554432.000000","2048.000000","2048.000000","2048.000000","1048576.000000","0","0","0","0","0","0","0","0","0","0","0","0"
"2","476625","python3.12","127.0.0.1","void cublasLt::splitKreduce_kernel<32, 16, int, float, float, float, float, 0, float, float, float, 1, 0, 0>(cublasLt::cublasSplitKParams<T6>, const T4 *, const T10 *, T9 *, T5 *, const T6 *, const T6 *, const T11 *, const T4 *, T11 *, void *, long, T6 *, int *, T6 *, T6 *, const T6 *, const T6 *, const T6 *, const T6 *, const T6 *)","1","7","(32, 16, 1)","(32, 1, 1)","0","8.9","0","0","400","2","0","1","1","1","0","1","0","1","0","402","2,565,000","0","8","9","0","1","1","1","No-CC","1","1","1","0","0","NVIDIA GeForce RTX 4090","0","0","384","6","1","1","384","1","0","0","0","1","646,189,278","9,860","32,000","16","3","3","16,000","16","161","2,296,778,819","1","1","0","0","0","0","1","402","0","1","1","75,497,472","48","24","64","1","1","134,213,632","1,024","1,024","64","24","2,565,000","2,147,483,647","65,535","65,535","4","1","10,501,000","51,904,512","2,147,483,647","65,536","65,536","255","49,152","101,376","102,400","1,024","1,536","48","12","2,048","32,768","32,768","65,536","32,768","2,048","32,768","131,072","16,384","16,384","16,384","2,046","32,768","32,768","2,048","32,768","268,435,456","32,768","131,072","32,768","32,768","65,536","32,768","2,048","32,768","65,000","2,097,120","131,072","32,768","32,768","131,072","16,384","32,768","16,384","8,192","16,384","8,192","2,046","32,768","32,768","1","10,501,000","1","9","0","0","0","0","128","8","4","1","0","1","0","1","0","0","1","0","1,024","8","64","1","1","512","0","0","512","32","65,536","25,250,627,584","1","0","1","32","2.272000","32.000000","128.000000","0.000000","4096.000000","4.000000","16.000000","0.000000","512.000000","0","32","16","1","512","1","0","CachePreferNone","1","32","1","1","32","","24.000000","2.000000","8.000000","3.000000","1,950","3,760","1,696","44","48.000000","8.192000","1.024000","1.024000","1.024000","0","0.000000","128","1,024","7","16384","64","all","0","0","0","0.12","1","1","1","1","0","0","0","0","0","0","0","0","1","0","0","0","0","0","0","0","0","0","0","94.722515","94.722515","94.722515","663.057605","94.722515","94.722515","94.722515","663.057605","7.000000","0","1024.000000","128.000000","0","0","0.000000","0.000000","32.000000","66.666667","0","0","0","0","0","0","0","0","0","0","0","0","0","0","0","0","0","0","0","0","0","0","0","0","0.000000","0.000000","0.000000","0.000000","8.000000","2.000000","8.000000","0.000000","1024.000000","0.250000","1.000000","0.000000","128.000000","0","0","0","0","0","0","0","0","0.000000","0.000000","0.000000","0.000000","0.000000","0.000000","0.000000","0.000000","0","0","0","0","0","0","0","0","0","0","0","0","64.000000","256.000000","0.000000","32768.000000","0.000000","0.000000","0.000000","0.000000","8.000000","32.000000","0.000000","4096.000000","0","0","0","0","0","0","0","0","0","0","0","0"
"3","476625","python3.12","127.0.0.1","ampere_sgemm_32x32_sliced1x4_tn","1","7","(128, 1, 1)","(32, 1, 8)","0","8.9","0","0","400","2","0","1","1","1","0","1","0","1","0","402","2,565,000","0","8","9","0","1","1","1","No-CC","1","1","1","0","0","NVIDIA GeForce RTX 4090","0","0","384","6","1","1","384","1","0","0","0","1","646,189,278","9,860","32,000","16","3","3","16,000","16","161","2,296,778,819","1","1","0","0","0","0","1","402","0","1","1","75,497,472","48","24","64","1","1","134,213,632","1,024","1,024","64","24","2,565,000","2,147,483,647","65,535","65,535","4","1","10,501,000","51,904,512","2,147,483,647","65,536","65,536","255","49,152","101,376","102,400","1,024","1,536","48","12","2,048","32,768","32,768","65,536","32,768","2,048","32,768","131,072","16,384","16,384","16,384","2,046","32,768","32,768","2,048","32,768","268,435,456","32,768","131,072","32,768","32,768","65,536","32,768","2,048","32,768","65,000","2,097,120","131,072","32,768","32,768","131,072","16,384","32,768","16,384","8,192","16,384","8,192","2,046","32,768","32,768","1","10,501,000","1","9","0","0","0","0","128","8","4","1","0","1","0","1","0","0","1","0","1,024","8","64","1","1","512","0","0","512","32","65,536","25,250,627,584","1","0","1","32","9.184000","1152.000000","1152.000000","1152.000000","147456.000000","32.000000","32.000000","32.000000","4096.000000","1","128","1","1","128","1","0","CachePreferNone","1","32","1","8","256","","24.000000","5.000000","3.000000","12.000000","575","2,732","1,836","86","88.000000","102.400000","33.792000","33.792000","1.024000","0","32.768000","128","1,024","7","32768","64","all","0","0","0","0.67","1","1","1","1","0","0","0","0","0","0","0","0","1","0","0","0","0","0","0","0","0","0","0","94.722515","94.722515","94.722515","663.057605","94.722515","94.722515","94.722515","663.057605","7.000000","0","36864.000000","1024.000000","0","0","138240.000000","91136.000000","12.000000","25.000000","0","0","0","0","0","0","0","0","0","0","0","0","0","0","0","0","0","0","0","0","0","0","0","0","1080.000000","1080.000000","1080.000000","138240.000000","3.000000","72.000000","128.000000","16.000000","36864.000000","2.000000","4.000000","0.000000","1024.000000","0","0","0","0","0","0","0","0","270.000000","270.000000","270.000000","138240.000000","178.000000","178.000000","178.000000","91136.000000","0","0","0","0","0","0","0","0","0","0","0","0","1536.000000","1536.000000","1536.000000","786432.000000","65536.000000","65536.000000","65536.000000","33554432.000000","2048.000000","2048.000000","2048.000000","1048576.000000","0","0","0","0","0","0","0","0","0","0","0","0"
"4","476625","python3.12","127.0.0.1","void cublasLt::splitKreduce_kernel<32, 16, int, float, float, float, float, 0, float, float, float, 1, 0, 0>(cublasLt::cublasSplitKParams<T6>, const T4 *, const T10 *, T9 *, T5 *, const T6 *, const T6 *, const T11 *, const T4 *, T11 *, void *, long, T6 *, int *, T6 *, T6 *, const T6 *, const T6 *, const T6 *, const T6 *, const T6 *)","1","7","(32, 16, 1)","(32, 1, 1)","0","8.9","0","0","400","2","0","1","1","1","0","1","0","1","0","402","2,565,000","0","8","9","0","1","1","1","No-CC","1","1","1","0","0","NVIDIA GeForce RTX 4090","0","0","384","6","1","1","384","1","0","0","0","1","646,189,278","9,860","32,000","16","3","3","16,000","16","161","2,296,778,819","1","1","0","0","0","0","1","402","0","1","1","75,497,472","48","24","64","1","1","134,213,632","1,024","1,024","64","24","2,565,000","2,147,483,647","65,535","65,535","4","1","10,501,000","51,904,512","2,147,483,647","65,536","65,536","255","49,152","101,376","102,400","1,024","1,536","48","12","2,048","32,768","32,768","65,536","32,768","2,048","32,768","131,072","16,384","16,384","16,384","2,046","32,768","32,768","2,048","32,768","268,435,456","32,768","131,072","32,768","32,768","65,536","32,768","2,048","32,768","65,000","2,097,120","131,072","32,768","32,768","131,072","16,384","32,768","16,384","8,192","16,384","8,192","2,046","32,768","32,768","1","10,501,000","1","9","0","0","0","0","128","8","4","1","0","1","0","1","0","0","1","0","1,024","8","64","1","1","512","0","0","512","32","65,536","25,250,627,584","1","0","1","32","2.240000","32.000000","128.000000","0.000000","4096.000000","4.000000","16.000000","0.000000","512.000000","0","32","16","1","512","1","0","CachePreferNone","1","32","1","1","32","","24.000000","2.000000","8.000000","3.000000","1,950","3,760","1,696","44","48.000000","8.192000","1.024000","1.024000","1.024000","0","0.000000","128","1,024","7","16384","64","all","0","0","0","0.12","1","1","1","1","0","0","0","0","0","0","0","0","1","0","0","0","0","0","0","0","0","0","0","94.722515","94.722515","94.722515","663.057605","94.722515","94.722515","94.722515","663.057605","7.000000","0","1024.000000","128.000000","0","0","0.000000","0.000000","32.000000","66.666667","0","0","0","0","0","0","0","0","0","0","0","0","0","0","0","0","0","0","0","0","0","0","0","0","0.000000","0.000000","0.000000","0.000000","8.000000","2.000000","8.000000","0.000000","1024.000000","0.250000","1.000000","0.000000","128.000000","0","0","0","0","0","0","0","0","0.000000","0.000000","0.000000","0.000000","0.000000","0.000000","0.000000","0.000000","0","0","0","0","0","0","0","0","0","0","0","0","64.000000","256.000000","0.000000","32768.000000","0.000000","0.000000","0.000000","0.000000","8.000000","32.000000","0.000000","4096.000000","0","0","0","0","0","0","0","0","0","0","0","0"
"5","476625","python3.12","127.0.0.1","void at::vectorized_elementwise_kernel<4, at::FillFunctor<float>, std::array<char *, 1>>(int, T2, T3)","1","7","(128, 1, 1)","(4, 1, 1)","0","8.9","0","0","400","2","0","1","1","1","0","1","0","1","0","402","2,565,000","0","8","9","0","1","1","1","No-CC","1","1","1","0","0","NVIDIA GeForce RTX 4090","0","0","384","6","1","1","384","1","0","0","0","1","646,189,278","9,860","32,000","16","3","3","16,000","16","161","2,296,778,819","1","1","0","0","0","0","1","402","0","1","1","75,497,472","48","24","64","1","1","134,213,632","1,024","1,024","64","24","2,565,000","2,147,483,647","65,535","65,535","4","1","10,501,000","51,904,512","2,147,483,647","65,536","65,536","255","49,152","101,376","102,400","1,024","1,536","48","12","2,048","32,768","32,768","65,536","32,768","2,048","32,768","131,072","16,384","16,384","16,384","2,046","32,768","32,768","2,048","32,768","268,435,456","32,768","131,072","32,768","32,768","65,536","32,768","2,048","32,768","65,000","2,097,120","131,072","32,768","32,768","131,072","16,384","32,768","16,384","8,192","16,384","8,192","2,046","32,768","32,768","1","10,501,000","1","9","0","0","0","0","128","8","4","1","0","1","0","1","0","0","1","0","1,024","8","64","1","1","512","0","0","512","32","65,536","25,250,627,584","1","0","1","32","1.696000","0.000000","0.000000","0.000000","0.000000","4.000000","128.000000","0.000000","512.000000","0","128","1","1","128","1","0","CachePreferNone","1","4","1","1","4","","24.000000","32.000000","32.000000","12.000000","2,540","5,264","956","16","16.000000","32.768000","1.024000","1.024000","1.024000","0","0.000000","128","1,024","7","512","64","all","0","0","0","0.00","1","1","1","1","0","0","0","0","0","0","0","0","1","0","0","0","0","0","0","0","0","0","0","94.722879","94.722879","94.722879","663.060153","94.722879","94.722879","94.722879","663.060153","7.000000","0","0.000000","32.000000","0","0","0.000000","0.000000","48.000000","100.000000","0","0","0","0","0","0","0","0","0","0","0","0","0","0","0","0","0","0","0","0","0","0","0","0","0.000000","0.000000","0.000000","0.000000","12.000000","0.000000","0.000000","0.000000","0.000000","0.062500","2.000000","0.000000","32.000000","0","0","0","0","0","0","0","0","0.000000","0.000000","0.000000","0.000000","0.000000","0.000000","0.000000","0.000000","0","0","0","0","0","0","0","0","0","0","0","0","0.000000","0.000000","0.000000","0.000000","0.000000","0.000000","0.000000","0.000000","0.000000","0.000000","0.000000","0.000000","0","0","0","0","0","0","0","0","0","0","0","0"
"6","476625","python3.12","127.0.0.1","void gemmSN_TN_kernel<float, 128, 16, 2, 4, 4, 4, 1, cublasGemvTensorStridedBatched<const float>, cublasGemvTensorStridedBatched<const float>, cublasGemvTensorStridedBatched<float>>(cublasGemmSmallNParams<T9, T10, T11, T1>)","1","7","(128, 1, 1)","(128, 1, 1)","0","8.9","0","0","400","2","0","1","1","1","0","1","0","1","0","402","2,565,000","0","8","9","0","1","1","1","No-CC","1","1","1","0","0","NVIDIA GeForce RTX 4090","0","0","384","6","1","1","384","1","0","0","0","1","646,189,278","9,860","32,000","16","3","3","16,000","16","161","2,296,778,819","1","1","0","0","0","0","1","402","0","1","1","75,497,472","48","24","64","1","1","134,213,632","1,024","1,024","64","24","2,565,000","2,147,483,647","65,535","65,535","4","1","10,501,000","51,904,512","2,147,483,647","65,536","65,536","255","49,152","101,376","102,400","1,024","1,536","48","12","2,048","32,768","32,768","65,536","32,768","2,048","32,768","131,072","16,384","16,384","16,384","2,046","32,768","32,768","2,048","32,768","268,435,456","32,768","131,072","32,768","32,768","65,536","32,768","2,048","32,768","65,000","2,097,120","131,072","32,768","32,768","131,072","16,384","32,768","16,384","8,192","16,384","8,192","2,046","32,768","32,768","1","10,501,000","1","9","0","0","0","0","128","8","4","1","0","1","0","1","0","0","1","0","1,024","8","64","1","1","512","0","0","512","32","65,536","25,250,627,584","1","0","1","32","4.384000","384.000000","384.000000","384.000000","49152.000000","5.187500","8.000000","4.000000","664.000000","1","128","1","1","128","1","0","CachePreferNone","1","128","1","1","128","","24.000000","12.000000","14.000000","12.000000","2,458","5,264","2,512","40","40.000000","102.400000","7.168000","7.168000","1.024000","0","6.144000","128","1,024","7","16384","64","all","0","0","0","0.08","1","1","1","1","0","0","0","0","0","0","0","0","1","0","0","0","0","0","0","0","0","0","0","94.722879","94.722879","94.722879","663.060153","94.722879","94.722879","94.722879","663.060153","7.000000","0","12288.000000","2048.000000","0","0","18432.000000","3584.000000","48.000000","100.000000","0","0","0","0","0","0","0","0","0","0","0","0","0","0","0","0","0","0","0","0","0","0","0","0","144.000000","144.000000","144.000000","18432.000000","12.000000","24.000000","24.000000","24.000000","12288.000000","4.000000","4.000000","4.000000","2048.000000","0","0","0","0","0","0","0","0","36.000000","36.000000","36.000000","18432.000000","7.000000","7.000000","7.000000","3584.000000","0","0","0","0","0","0","0","0","0","0","0","0","256.000000","256.000000","256.000000","131072.000000","2048.000000","2048.000000","2048.000000","1048576.000000","256.000000","256.000000","256.000000","131072.000000","0","0","0","0","0","0","0","0","0","0","0","0"
"7","476625","python3.12","127.0.0.1","void at::vectorized_elementwise_kernel<4, at::CUDAFunctor_add<float>, std::array<char *, 3>>(int, T2, T3)","1","7","(128, 1, 1)","(4, 1, 1)","0","8.9","0","0","400","2","0","1","1","1","0","1","0","1","0","402","2,565,000","0","8","9","0","1","1","1","No-CC","1","1","1","0","0","NVIDIA GeForce RTX 4090","0","0","384","6","1","1","384","1","0","0","0","1","646,189,278","9,860","32,000","16","3","3","16,000","16","161","2,296,778,819","1","1","0","0","0","0","1","402","0","1","1","75,497,472","48","24","64","1","1","134,213,632","1,024","1,024","64","24","2,565,000","2,147,483,647","65,535","65,535","4","1","10,501,000","51,904,512","2,147,483,647","65,536","65,536","255","49,152","101,376","102,400","1,024","1,536","48","12","2,048","32,768","32,768","65,536","32,768","2,048","32,768","131,072","16,384","16,384","16,384","2,046","32,768","32,768","2,048","32,768","268,435,456","32,768","131,072","32,768","32,768","65,536","32,768","2,048","32,768","65,000","2,097,120","131,072","32,768","32,768","131,072","16,384","32,768","16,384","8,192","16,384","8,192","2,046","32,768","32,768","1","10,501,000","1","9","0","0","0","0","128","8","4","1","0","1","0","1","0","0","1","0","1,024","8","64","1","1","512","0","0","512","32","65,536","25,250,627,584","1","0","1","32","2.080000","8.000000","256.000000","0.000000","1024.000000","0.000000","0.000000","0.000000","0.000000","0","128","1","1","128","1","0","CachePreferNone","1","4","1","1","4","","24.000000","16.000000","32.000000","12.000000","2,540","5,264","956","30","32.000000","32.768000","1.024000","1.024000","1.024000","0","0.000000","128","1,024","7","512","64","all","0","0","0","0.00","1","1","1","1","0","0","0","0","0","0","0","0","1","0","0","0","0","0","0","0","0","0","0","94.723318","94.723318","94.723318","663.063226","94.723318","94.723318","94.723318","663.063226","7.000000","0","64.000000","32.000000","0","0","0.000000","0.000000","48.000000","100.000000","0","0","0","0","0","0","0","0","0","0","0","0","0","0","0","0","0","0","0","0","0","0","0","0","0.000000","0.000000","0.000000","0.000000","12.000000","0.125000","4.000000","0.000000","64.000000","0.062500","2.000000","0.000000","32.000000","0","0","0","0","0","0","0","0","0.000000","0.000000","0.000000","0.000000","0.000000","0.000000","0.000000","0.000000","0","0","0","0","0","0","0","0","0","0","0","0","0.000000","0.000000","0.000000","0.000000","8.000000","256.000000","0.000000","4096.000000","0.000000","0.000000","0.000000","0.000000","0","0","0","0","0","0","0","0","0","0","0","0"
"8","476625","python3.12","127.0.0.1","ampere_sgemm_32x32_sliced1x4_tn","1","7","(128, 1, 1)","(32, 1, 4)","0","8.9","0","0","400","2","0","1","1","1","0","1","0","1","0","402","2,565,000","0","8","9","0","1","1","1","No-CC","1","1","1","0","0","NVIDIA GeForce RTX 4090","0","0","384","6","1","1","384","1","0","0","0","1","646,189,278","9,860","32,000","16","3","3","16,000","16","161","2,296,778,819","1","1","0","0","0","0","1","402","0","1","1","75,497,472","48","24","64","1","1","134,213,632","1,024","1,024","64","24","2,565,000","2,147,483,647","65,535","65,535","4","1","10,501,000","51,904,512","2,147,483,647","65,536","65,536","255","49,152","101,376","102,400","1,024","1,536","48","12","2,048","32,768","32,768","65,536","32,768","2,048","32,768","131,072","16,384","16,384","16,384","2,046","32,768","32,768","2,048","32,768","268,435,456","32,768","131,072","32,768","32,768","65,536","32,768","2,048","32,768","65,000","2,097,120","131,072","32,768","32,768","131,072","16,384","32,768","16,384","8,192","16,384","8,192","2,046","32,768","32,768","1","10,501,000","1","9","0","0","0","0","128","8","4","1","0","1","0","1","0","0","1","0","1,024","8","64","1","1","512","0","0","512","32","65,536","25,250,627,584","1","0","1","32","8.224000","864.000000","864.000000","864.000000","110592.000000","16.000000","16.000000","16.000000","2048.000000","1","128","1","1","128","1","0","CachePreferNone","1","32","1","4","128","","24.000000","5.000000","3.000000","12.000000","575","2,732","1,836","86","88.000000","102.400000","33.792000","33.792000","1.024000","0","32.768000","128","1,024","7","16384","64","all","0","0","0","0.33","1","1","1","1","0","0","0","0","0","0","0","0","1","0","0","0","0","0","0","0","0","0","0","94.723318","94.723318","94.723318","663.063226","94.723318","94.723318","94.723318","663.063226","7.000000","0","27648.000000","512.000000","0","0","93696.000000","61952.000000","12.000000","25.000000","0","0","0","0","0","0","0","0","0","0","0","0","0","0","0","0","0","0","0","0","0","0","0","0","732.000000","732.000000","732.000000","93696.000000","3.000000","54.000000","96.000000","12.000000","27648.000000","1.000000","4.000000","0.000000","512.000000","0","0","0","0","0","0","0","0","183.000000","183.000000","183.000000","93696.000000","121.000000","121.000000","121.000000","61952.000000","0","0","0","0","0","0","0","0","0","0","0","0","768.000000","768.000000","768.000000","393216.000000","49152.000000","49152.000000","49152.000000","25165824.000000","1024.000000","1024.000000","1024.000000","524288.000000","0","0","0","0","0","0","0","0","0","0","0","0"
"9","476625","python3.12","127.0.0.1","void cublasLt::splitKreduce_kernel<32, 16, int, float, float, float, float, 0, float, float, float, 1, 0, 0>(cublasLt::cublasSplitKParams<T6>, const T4 *, const T10 *, T9 *, T5 *, const T6 *, const T6 *, const T11 *, const T4 *, T11 *, void *, long, T6 *, int *, T6 *, T6 *, const T6 *, const T6 *, const T6 *, const T6 *, const T6 *)","1","7","(32, 16, 1)","(32, 1, 1)","0","8.9","0","0","400","2","0","1","1","1","0","1","0","1","0","402","2,565,000","0","8","9","0","1","1","1","No-CC","1","1","1","0","0","NVIDIA GeForce RTX 4090","0","0","384","6","1","1","384","1","0","0","0","1","646,189,278","9,860","32,000","16","3","3","16,000","16","161","2,296,778,819","1","1","0","0","0","0","1","402","0","1","1","75,497,472","48","24","64","1","1","134,213,632","1,024","1,024","64","24","2,565,000","2,147,483,647","65,535","65,535","4","1","10,501,000","51,904,512","2,147,483,647","65,536","65,536","255","49,152","101,376","102,400","1,024","1,536","48","12","2,048","32,768","32,768","65,536","32,768","2,048","32,768","131,072","16,384","16,384","16,384","2,046","32,768","32,768","2,048","32,768","268,435,456","32,768","131,072","32,768","32,768","65,536","32,768","2,048","32,768","65,000","2,097,120","131,072","32,768","32,768","131,072","16,384","32,768","16,384","8,192","16,384","8,192","2,046","32,768","32,768","1","10,501,000","1","9","0","0","0","0","128","8","4","1","0","1","0","1","0","0","1","0","1,024","8","64","1","1","512","0","0","512","32","65,536","25,250,627,584","1","0","1","32","2.176000","16.000000","64.000000","0.000000","2048.000000","4.000000","16.000000","0.000000","512.000000","0","32","16","1","512","1","0","CachePreferNone","1","32","1","1","32","","24.000000","2.000000","8.000000","3.000000","1,950","3,760","1,696","44","48.000000","8.192000","1.024000","1.024000","1.024000","0","0.000000","128","1,024","7","16384","64","all","0","0","0","0.12","1","1","1","1","0","0","0","0","0","0","0","0","1","0","0","0","0","0","0","0","0","0","0","94.723318","94.723318","94.723318","663.063226","94.723318","94.723318","94.723318","663.063226","7.000000","0","512.000000","128.000000","0","0","0.000000","0.000000","32.000000","66.666667","0","0","0","0","0","0","0","0","0","0","0","0","0","0","0","0","0","0","0","0","0","0","0","0","0.000000","0.000000","0.000000","0.000000","8.000000","1.000000","4.000000","0.000000","512.000000","0.250000","1.000000","0.000000","128.000000","0","0","0","0","0","0","0","0","0.000000","0.000000","0.000000","0.000000","0.000000","0.000000","0.000000","0.000000","0","0","0","0","0","0","0","0","0","0","0","0","32.000000","128.000000","0.000000","16384.000000","0.000000","0.000000","0.000000","0.000000","8.000000","32.000000","0.000000","4096.000000","0","0","0","0","0","0","0","0","0","0","0","0"
"10","476625","python3.12","127.0.0.1","void at::vectorized_elementwise_kernel<4, at::CUDAFunctor_add<float>, std::array<char *, 3>>(int, T2, T3)","1","7","(128, 1, 1)","(4, 1, 1)","0","8.9","0","0","400","2","0","1","1","1","0","1","0","1","0","402","2,565,000","0","8","9","0","1","1","1","No-CC","1","1","1","0","0","NVIDIA GeForce RTX 4090","0","0","384","6","1","1","384","1","0","0","0","1","646,189,278","9,860","32,000","16","3","3","16,000","16","161","2,296,778,819","1","1","0","0","0","0","1","402","0","1","1","75,497,472","48","24","64","1","1","134,213,632","1,024","1,024","64","24","2,565,000","2,147,483,647","65,535","65,535","4","1","10,501,000","51,904,512","2,147,483,647","65,536","65,536","255","49,152","101,376","102,400","1,024","1,536","48","12","2,048","32,768","32,768","65,536","32,768","2,048","32,768","131,072","16,384","16,384","16,384","2,046","32,768","32,768","2,048","32,768","268,435,456","32,768","131,072","32,768","32,768","65,536","32,768","2,048","32,768","65,000","2,097,120","131,072","32,768","32,768","131,072","16,384","32,768","16,384","8,192","16,384","8,192","2,046","32,768","32,768","1","10,501,000","1","9","0","0","0","0","128","8","4","1","0","1","0","1","0","0","1","0","1,024","8","64","1","1","512","0","0","512","32","65,536","25,250,627,584","1","0","1","32","2.080000","8.000000","256.000000","0.000000","1024.000000","0.000000","0.000000","0.000000","0.000000","0","128","1","1","128","1","0","CachePreferNone","1","4","1","1","4","","24.000000","16.000000","32.000000","12.000000","2,540","5,264","956","30","32.000000","32.768000","1.024000","1.024000","1.024000","0","0.000000","128","1,024","7","512","64","all","0","0","0","0.00","1","1","1","1","0","0","0","0","0","0","0","0","1","0","0","0","0","0","0","0","0","0","0","94.723318","94.723318","94.723318","663.063226","94.723318","94.723318","94.723318","663.063226","7.000000","0","64.000000","32.000000","0","0","0.000000","0.000000","48.000000","100.000000","0","0","0","0","0","0","0","0","0","0","0","0","0","0","0","0","0","0","0","0","0","0","0","0","0.000000","0.000000","0.000000","0.000000","12.000000","0.125000","4.000000","0.000000","64.000000","0.062500","2.000000","0.000000","32.000000","0","0","0","0","0","0","0","0","0.000000","0.000000","0.000000","0.000000","0.000000","0.000000","0.000000","0.000000","0","0","0","0","0","0","0","0","0","0","0","0","0.000000","0.000000","0.000000","0.000000","8.000000","256.000000","0.000000","4096.000000","0.000000","0.000000","0.000000","0.000000","0","0","0","0","0","0","0","0","0","0","0","0"
"11","476625","python3.12","127.0.0.1","std::enable_if<!T7, void>::type internal::kernel<int, int, float, float, float, float, 0, 1, 1, 0, 6, 0, cublasGemvParamsEx<int, cublasGemvTensorStridedBatched<const float>, cublasGemvTensorStridedBatched<const float>, cublasGemvTensorStridedBatched<float>, float>>(T13)","1","7","(16, 4, 1)","(1, 1, 4)","0","8.9","0","0","400","2","0","1","1","1","0","1","0","1","0","402","2,565,000","0","8","9","0","1","1","1","No-CC","1","1","1","0","0","NVIDIA GeForce RTX 4090","0","0","384","6","1","1","384","1","0","0","0","1","646,189,278","9,860","32,000","16","3","3","16,000","16","161","2,296,778,819","1","1","0","0","0","0","1","402","0","1","1","75,497,472","48","24","64","1","1","134,213,632","1,024","1,024","64","24","2,565,000","2,147,483,647","65,535","65,535","4","1","10,501,000","51,904,512","2,147,483,647","65,536","65,536","255","49,152","101,376","102,400","1,024","1,536","48","12","2,048","32,768","32,768","65,536","32,768","2,048","32,768","131,072","16,384","16,384","16,384","2,046","32,768","32,768","2,048","32,768","268,435,456","32,768","131,072","32,768","32,768","65,536","32,768","2,048","32,768","65,000","2,097,120","131,072","32,768","32,768","131,072","16,384","32,768","16,384","8,192","16,384","8,192","2,046","32,768","32,768","1","10,501,000","1","9","0","0","0","0","128","8","4","1","0","1","0","1","0","0","1","0","1,024","8","64","1","1","512","0","0","512","32","65,536","25,250,627,584","1","0","1","32","2.880000","8.000000","256.000000","0.000000","1024.000000","0.031250","1.000000","0.000000","4.000000","1","16","4","1","64","1","0","CachePreferNone","1","1","1","4","4","","24.000000","6.000000","11.000000","24.000000","263","3,798","294","166","168.000000","16.384000","1.296000","1.408000","1.024000","272","0.000000","128","1,024","7","256","64","all","0","0","0","0.01","1","1","1","1","0","0","0","0","0","0","0","0","1","0","0","0","0","0","0","0","0","0","0","94.723318","94.723318","94.723318","663.063226","94.723318","94.723318","94.723318","663.063226","7.000000","0","512.000000","4.000000","0","0","68.000000","44.000000","12.000000","25.000000","0","0","0","0","0","0","0","0","0","0","0","0","0","0","0","0","0","0","0","0","0","0","0","0","0.531250","17.000000","0.000000","68.000000","3.000000","1.000000","128.000000","0.000000","512.000000","0.007812","1.000000","0.000000","4.000000","0","0","0","0","0","0","0","0","0.132812","9.000000","0.000000","68.000000","0.085938","6.000000","0.000000","44.000000","0","0","0","0","0","0","0","0","0","0","0","0","0.476562","31.000000","0.000000","244.000000","8.007812","1025.000000","0.000000","4100.000000","0.000000","0.000000","0.000000","0.000000","0","0","0","0","0","0","0","0","0","0","0","0"
"12","476625","python3.12","127.0.0.1","void at::vectorized_elementwise_kernel<4, at::BUnaryFunctor<float, float, float, binary_internal::MulFunctor<float>>, std::array<char *, 2>>(int, T2, T3)","1","7","(128, 1, 1)","(1, 1, 1)","0","8.9","0","0","400","2","0","1","1","1","0","1","0","1","0","402","2,565,000","0","8","9","0","1","1","1","No-CC","1","1","1","0","0","NVIDIA GeForce RTX 4090","0","0","384","6","1","1","384","1","0","0","0","1","646,189,278","9,860","32,000","16","3","3","16,000","16","161","2,296,778,819","1","1","0","0","0","0","1","402","0","1","1","75,497,472","48","24","64","1","1","134,213,632","1,024","1,024","64","24","2,565,000","2,147,483,647","65,535","65,535","4","1","10,501,000","51,904,512","2,147,483,647","65,536","65,536","255","49,152","101,376","102,400","1,024","1,536","48","12","2,048","32,768","32,768","65,536","32,768","2,048","32,768","131,072","16,384","16,384","16,384","2,046","32,768","32,768","2,048","32,768","268,435,456","32,768","131,072","32,768","32,768","65,536","32,768","2,048","32,768","65,000","2,097,120","131,072","32,768","32,768","131,072","16,384","32,768","16,384","8,192","16,384","8,192","2,046","32,768","32,768","1","10,501,000","1","9","0","0","0","0","128","8","4","1","0","1","0","1","0","0","1","0","1,024","8","64","1","1","512","0","0","512","32","65,536","25,250,627,584","1","0","1","32","2.080000","0.007812","1.000000","0.000000","1.000000","0.007812","1.000000","0.000000","1.000000","0","128","1","1","128","1","0","CachePreferNone","1","1","1","1","1","","24.000000","21.000000","32.000000","12.000000","2,540","5,264","956","20","24.000000","32.768000","1.024000","1.024000","1.024000","0","0.000000","128","1,024","7","128","64","all","0","0","0","0.00","1","1","1","1","0","0","0","0","0","0","0","0","1","0","0","0","0","0","0","0","0","0","0","94.723547","94.723547","94.723547","663.064829","94.723547","94.723547","94.723547","663.064829","7.000000","0","1.000000","1.000000","0","0","0.000000","0.000000","48.000000","100.000000","0","0","0","0","0","0","0","0","0","0","0","0","0","0","0","0","0","0","0","0","0","0","0","0","0.000000","0.000000","0.000000","0.000000","12.000000","0.001953","1.000000","0.000000","1.000000","0.001953","1.000000","0.000000","1.000000","0","0","0","0","0","0","0","0","0.000000","0.000000","0.000000","0.000000","0.000000","0.000000","0.000000","0.000000","0","0","0","0","0","0","0","0","0","0","0","0","0.000000","0.000000","0.000000","0.000000","0.000000","0.000000","0.000000","0.000000","0.007812","4.000000","0.000000","4.000000","0","0","0","0","0","0","0","0","0","0","0","0"
"13","476625","python3.12","127.0.0.1","void <unnamed>::softmax_warp_forward<float, float, float, 0, 0, 0>(T2 *, const T1 *, int, int, int, const bool *, int, bool)","1","7","(1, 128, 1)","(1, 1, 1)","0","8.9","0","0","400","2","0","1","1","1","0","1","0","1","0","402","2,565,000","0","8","9","0","1","1","1","No-CC","1","1","1","0","0","NVIDIA GeForce RTX 4090","0","0","384","6","1","1","384","1","0","0","0","1","646,189,278","9,860","32,000","16","3","3","16,000","16","161","2,296,778,819","1","1","0","0","0","0","1","402","0","1","1","75,497,472","48","24","64","1","1","134,213,632","1,024","1,024","64","24","2,565,000","2,147,483,647","65,535","65,535","4","1","10,501,000","51,904,512","2,147,483,647","65,536","65,536","255","49,152","101,376","102,400","1,024","1,536","48","12","2,048","32,768","32,768","65,536","32,768","2,048","32,768","131,072","16,384","16,384","16,384","2,046","32,768","32,768","2,048","32,768","268,435,456","32,768","131,072","32,768","32,768","65,536","32,768","2,048","32,768","65,000","2,097,120","131,072","32,768","32,768","131,072","16,384","32,768","16,384","8,192","16,384","8,192","2,046","32,768","32,768","1","10,501,000","1","9","0","0","0","0","128","8","4","1","0","1","0","1","0","0","1","0","1,024","8","64","1","1","512","0","0","512","32","65,536","25,250,627,584","1","0","1","32","2.176000","0.007812","1.000000","0.000000","1.000000","0.007812","1.000000","0.000000","1.000000","0","1","128","1","128","1","0","CachePreferNone","1","1","1","1","1","","24.000000","21.000000","32.000000","12.000000","2,540","5,264","956","19","24.000000","32.768000","1.024000","1.024000","1.024000","0","0.000000","128","1,024","7","128","64","all","0","0","0","0.00","1","1","1","1","0","0","0","0","0","0","0","0","1","0","0","0","0","0","0","0","0","0","0","94.723558","94.723558","94.723558","663.064906","94.723558","94.723558","94.723558","663.064906","7.000000","0","2.000000","2.000000","0","0","0.000000","0.000000","48.000000","100.000000","0","0","0","0","0","0","0","0","0","0","0","0","0","0","0","0","0","0","0","0","0","0","0","0","0.000000","0.000000","0.000000","0.000000","12.000000","0.003906","2.000000","0.000000","2.000000","0.003906","2.000000","0.000000","2.000000","0","0","0","0","0","0","0","0","0.000000","0.000000","0.000000","0.000000","0.000000","0.000000","0.000000","0.000000","0","0","0","0","0","0","0","0","0","0","0","0","1.007812","132.000000","0.000000","516.000000","2.039062","276.000000","0.000000","1044.000000","0.007812","4.000000","0.000000","4.000000","0","0","0","0","0","0","0","0","0","0","0","0"
"14","476625","python3.12","127.0.0.1","void gemmk1_kernel<int, float, 256, 5, 0, 0, 0, 0, cublasGemvTensorStridedBatched<const float>, cublasGemvTensorStridedBatched<const float>, cublasGemvTensorStridedBatched<float>, float, 0>(cublasGemmk1Params<T2, T9, T10, T11, T12, biasType<T11::value_type, T12>::type>)","1","7","(256, 1, 1)","(32, 1, 4)","0","8.9","0","0","400","2","0","1","1","1","0","1","0","1","0","402","2,565,000","0","8","9","0","1","1","1","No-CC","1","1","1","0","0","NVIDIA GeForce RTX 4090","0","0","384","6","1","1","384","1","0","0","0","1","646,189,278","9,860","32,000","16","3","3","16,000","16","161","2,296,778,819","1","1","0","0","0","0","1","402","0","1","1","75,497,472","48","24","64","1","1","134,213,632","1,024","1,024","64","24","2,565,000","2,147,483,647","65,535","65,535","4","1","10,501,000","51,904,512","2,147,483,647","65,536","65,536","255","49,152","101,376","102,400","1,024","1,536","48","12","2,048","32,768","32,768","65,536","32,768","2,048","32,768","131,072","16,384","16,384","16,384","2,046","32,768","32,768","2,048","32,768","268,435,456","32,768","131,072","32,768","32,768","65,536","32,768","2,048","32,768","65,000","2,097,120","131,072","32,768","32,768","131,072","16,384","32,768","16,384","8,192","16,384","8,192","2,046","32,768","32,768","1","10,501,000","1","9","0","0","0","0","128","8","4","1","0","1","0","1","0","0","1","0","1,024","8","64","1","1","512","0","0","512","32","65,536","25,250,627,584","1","0","1","32","2.144000","5.000000","5.000000","5.000000","640.000000","4.000000","4.000000","4.000000","512.000000","1","256","1","1","256","1","0","CachePreferNone","1","32","1","4","128","","24.000000","10.000000","16.000000","6.000000","2,484","4,976","2,360","20","24.000000","32.768000","2.048000","2.048000","1.024000","0","1.024000","128","1,024","7","32768","64","all","0","0","0","0.17","1","1","1","1","0","0","0","0","0","0","0","0","1","0","0","0","0","0","0","0","0","0","0","94.723558","94.723558","94.723558","663.064906","94.723558","94.723558","94.723558","663.064906","7.000000","0","256.000000","128.000000","0","0","256.000000","256.000000","48.000000","100.000000","0","0","0","0","0","0","0","0","0","0","0","0","0","0","0","0","0","0","0","0","0","0","0","0","2.000000","2.000000","2.000000","256.000000","12.000000","0.500000","1.000000","0.000000","256.000000","0.250000","1.000000","0.000000","128.000000","0","0","0","0","0","0","0","0","0.500000","2.000000","0.000000","256.000000","0.500000","1.000000","0.000000","256.000000","0","0","0","0","0","0","0","0","0","0","0","0","0.000000","0.000000","0.000000","0.000000","0.000000","0.000000","0.000000","0.000000","16.000000","64.000000","0.000000","8192.000000","0","0","0","0","0","0","0","0","0","0","0","0"
"15","476625","python3.12","127.0.0.1","ampere_sgemm_32x32_sliced1x4_tn","1","7","(128, 1, 1)","(16, 1, 8)","0","8.9","0","0","400","2","0","1","1","1","0","1","0","1","0","402","2,565,000","0","8","9","0","1","1","1","No-CC","1","1","1","0","0","NVIDIA GeForce RTX 4090","0","0","384","6","1","1","384","1","0","0","0","1","646,189,278","9,860","32,000","16","3","3","16,000","16","161","2,296,778,819","1","1","0","0","0","0","1","402","0","1","1","75,497,472","48","24","64","1","1","134,213,632","1,024","1,024","64","24","2,565,000","2,147,483,647","65,535","65,535","4","1","10,501,000","51,904,512","2,147,483,647","65,536","65,536","255","49,152","101,376","102,400","1,024","1,536","48","12","2,048","32,768","32,768","65,536","32,768","2,048","32,768","131,072","16,384","16,384","16,384","2,046","32,768","32,768","2,048","32,768","268,435,456","32,768","131,072","32,768","32,768","65,536","32,768","2,048","32,768","65,000","2,097,120","131,072","32,768","32,768","131,072","16,384","32,768","16,384","8,192","16,384","8,192","2,046","32,768","32,768","1","10,501,000","1","9","0","0","0","0","128","8","4","1","0","1","0","1","0","0","1","0","1,024","8","64","1","1","512","0","0","512","32","65,536","25,250,627,584","1","0","1","32","6.976000","576.000000","576.000000","576.000000","73728.000000","16.000000","16.000000","16.000000","2048.000000","1","128","1","1","128","1","0","CachePreferNone","1","16","1","8","128","","24.000000","5.000000","3.000000","12.000000","575","2,732","1,836","86","88.000000","102.400000","33.792000","33.792000","1.024000","0","32.768000","128","1,024","7","16384","64","all","0","0","0","0.33","1","1","1","1","0","0","0","0","0","0","0","0","1","0","0","0","0","0","0","0","0","0","0","94.723558","94.723558","94.723558","663.064906","94.723558","94.723558","94.723558","663.064906","7.000000","0","18432.000000","512.000000","0","0","69120.000000","45568.000000","12.000000","25.000000","0","0","0","0","0","0","0","0","0","0","0","0","0","0","0","0","0","0","0","0","0","0","0","0","540.000000","540.000000","540.000000","69120.000000","3.000000","36.000000","64.000000","8.000000","18432.000000","1.000000","4.000000","0.000000","512.000000","0","0","0","0","0","0","0","0","135.000000","135.000000","135.000000","69120.000000","89.000000","89.000000","89.000000","45568.000000","0","0","0","0","0","0","0","0","0","0","0","0","768.000000","768.000000","768.000000","393216.000000","32768.000000","32768.000000","32768.000000","16777216.000000","1024.000000","1024.000000","1024.000000","524288.000000","0","0","0","0","0","0","0","0","0","0","0","0"
"16","476625","python3.12","127.0.0.1","void cublasLt::splitKreduce_kernel<32, 16, int, float, float, float, float, 0, float, float, float, 1, 0, 0>(cublasLt::cublasSplitKParams<T6>, const T4 *, const T10 *, T9 *, T5 *, const T6 *, const T6 *, const T11 *, const T4 *, T11 *, void *, long, T6 *, int *, T6 *, T6 *, const T6 *, const T6 *, const T6 *, const T6 *, const T6 *)","1","7","(32, 16, 1)","(16, 1, 1)","0","8.9","0","0","400","2","0","1","1","1","0","1","0","1","0","402","2,565,000","0","8","9","0","1","1","1","No-CC","1","1","1","0","0","NVIDIA GeForce RTX 4090","0","0","384","6","1","1","384","1","0","0","0","1","646,189,278","9,860","32,000","16","3","3","16,000","16","161","2,296,778,819","1","1","0","0","0","0","1","402","0","1","1","75,497,472","48","24","64","1","1","134,213,632","1,024","1,024","64","24","2,565,000","2,147,483,647","65,535","65,535","4","1","10,501,000","51,904,512","2,147,483,647","65,536","65,536","255","49,152","101,376","102,400","1,024","1,536","48","12","2,048","32,768","32,768","65,536","32,768","2,048","32,768","131,072","16,384","16,384","16,384","2,046","32,768","32,768","2,048","32,768","268,435,456","32,768","131,072","32,768","32,768","65,536","32,768","2,048","32,768","65,000","2,097,120","131,072","32,768","32,768","131,072","16,384","32,768","16,384","8,192","16,384","8,192","2,046","32,768","32,768","1","10,501,000","1","9","0","0","0","0","128","8","4","1","0","1","0","1","0","0","1","0","1,024","8","64","1","1","512","0","0","512","32","65,536","25,250,627,584","1","0","1","32","2.176000","16.000000","128.000000","0.000000","2048.000000","2.000000","16.000000","0.000000","256.000000","0","32","16","1","512","1","0","CachePreferNone","1","16","1","1","16","","24.000000","2.000000","8.000000","3.000000","1,950","3,760","1,696","44","48.000000","8.192000","1.024000","1.024000","1.024000","0","0.000000","128","1,024","7","8192","64","all","0","0","0","0.06","1","1","1","1","0","0","0","0","0","0","0","0","1","0","0","0","0","0","0","0","0","0","0","94.723558","94.723558","94.723558","663.064906","94.723558","94.723558","94.723558","663.064906","7.000000","0","512.000000","64.000000","0","0","0.000000","0.000000","32.000000","66.666667","0","0","0","0","0","0","0","0","0","0","0","0","0","0","0","0","0","0","0","0","0","0","0","0","0.000000","0.000000","0.000000","0.000000","8.000000","1.000000","8.000000","0.000000","512.000000","0.125000","1.000000","0.000000","64.000000","0","0","0","0","0","0","0","0","0.000000","0.000000","0.000000","0.000000","0.000000","0.000000","0.000000","0.000000","0","0","0","0","0","0","0","0","0","0","0","0","32.000000","256.000000","0.000000","16384.000000","0.000000","0.000000","0.000000","0.000000","4.000000","32.000000","0.000000","2048.000000","0","0","0","0","0","0","0","0","0","0","0","0"
"17","476625","python3.12","127.0.0.1","ampere_sgemm_32x32_sliced1x4_tn","1","7","(128, 1, 1)","(16, 1, 8)","0","8.9","0","0","400","2","0","1","1","1","0","1","0","1","0","402","2,565,000","0","8","9","0","1","1","1","No-CC","1","1","1","0","0","NVIDIA GeForce RTX 4090","0","0","384","6","1","1","384","1","0","0","0","1","646,189,278","9,860","32,000","16","3","3","16,000","16","161","2,296,778,819","1","1","0","0","0","0","1","402","0","1","1","75,497,472","48","24","64","1","1","134,213,632","1,024","1,024","64","24","2,565,000","2,147,483,647","65,535","65,535","4","1","10,501,000","51,904,512","2,147,483,647","65,536","65,536","255","49,152","101,376","102,400","1,024","1,536","48","12","2,048","32,768","32,768","65,536","32,768","2,048","32,768","131,072","16,384","16,384","16,384","2,046","32,768","32,768","2,048","32,768","268,435,456","32,768","131,072","32,768","32,768","65,536","32,768","2,048","32,768","65,000","2,097,120","131,072","32,768","32,768","131,072","16,384","32,768","16,384","8,192","16,384","8,192","2,046","32,768","32,768","1","10,501,000","1","9","0","0","0","0","128","8","4","1","0","1","0","1","0","0","1","0","1,024","8","64","1","1","512","0","0","512","32","65,536","25,250,627,584","1","0","1","32","7.008000","576.000000","576.000000","576.000000","73728.000000","16.000000","16.000000","16.000000","2048.000000","1","128","1","1","128","1","0","CachePreferNone","1","16","1","8","128","","24.000000","5.000000","3.000000","12.000000","575","2,732","1,836","86","88.000000","102.400000","33.792000","33.792000","1.024000","0","32.768000","128","1,024","7","16384","64","all","0","0","0","0.33","1","1","1","1","0","0","0","0","0","0","0","0","1","0","0","0","0","0","0","0","0","0","0","94.723558","94.723558","94.723558","663.064906","94.723558","94.723558","94.723558","663.064906","7.000000","0","18432.000000","512.000000","0","0","69120.000000","45568.000000","12.000000","25.000000","0","0","0","0","0","0","0","0","0","0","0","0","0","0","0","0","0","0","0","0","0","0","0","0","540.000000","540.000000","540.000000","69120.000000","3.000000","36.000000","64.000000","8.000000","18432.000000","1.000000","4.000000","0.000000","512.000000","0","0","0","0","0","0","0","0","135.000000","135.000000","135.000000","69120.000000","89.000000","89.000000","89.000000","45568.000000","0","0","0","0","0","0","0","0","0","0","0","0","768.000000","768.000000","768.000000","393216.000000","32768.000000","32768.000000","32768.000000","16777216.000000","1024.000000","1024.000000","1024.000000","524288.000000","0","0","0","0","0","0","0","0","0","0","0","0"
"18","476625","python3.12","127.0.0.1","void cublasLt::splitKreduce_kernel<32, 16, int, float, float, float, float, 0, float, float, float, 1, 0, 0>(cublasLt::cublasSplitKParams<T6>, const T4 *, const T10 *, T9 *, T5 *, const T6 *, const T6 *, const T11 *, const T4 *, T11 *, void *, long, T6 *, int *, T6 *, T6 *, const T6 *, const T6 *, const T6 *, const T6 *, const T6 *)","1","7","(32, 16, 1)","(16, 1, 1)","0","8.9","0","0","400","2","0","1","1","1","0","1","0","1","0","402","2,565,000","0","8","9","0","1","1","1","No-CC","1","1","1","0","0","NVIDIA GeForce RTX 4090","0","0","384","6","1","1","384","1","0","0","0","1","646,189,278","9,860","32,000","16","3","3","16,000","16","161","2,296,778,819","1","1","0","0","0","0","1","402","0","1","1","75,497,472","48","24","64","1","1","134,213,632","1,024","1,024","64","24","2,565,000","2,147,483,647","65,535","65,535","4","1","10,501,000","51,904,512","2,147,483,647","65,536","65,536","255","49,152","101,376","102,400","1,024","1,536","48","12","2,048","32,768","32,768","65,536","32,768","2,048","32,768","131,072","16,384","16,384","16,384","2,046","32,768","32,768","2,048","32,768","268,435,456","32,768","131,072","32,768","32,768","65,536","32,768","2,048","32,768","65,000","2,097,120","131,072","32,768","32,768","131,072","16,384","32,768","16,384","8,192","16,384","8,192","2,046","32,768","32,768","1","10,501,000","1","9","0","0","0","0","128","8","4","1","0","1","0","1","0","0","1","0","1,024","8","64","1","1","512","0","0","512","32","65,536","25,250,627,584","1","0","1","32","2.176000","16.000000","128.000000","0.000000","2048.000000","2.000000","16.000000","0.000000","256.000000","0","32","16","1","512","1","0","CachePreferNone","1","16","1","1","16","","24.000000","2.000000","8.000000","3.000000","1,950","3,760","1,696","44","48.000000","8.192000","1.024000","1.024000","1.024000","0","0.000000","128","1,024","7","8192","64","all","0","0","0","0.06","1","1","1","1","0","0","0","0","0","0","0","0","1","0","0","0","0","0","0","0","0","0","0","94.723558","94.723558","94.723558","663.064906","94.723558","94.723558","94.723558","663.064906","7.000000","0","512.000000","64.000000","0","0","0.000000","0.000000","32.000000","66.666667","0","0","0","0","0","0","0","0","0","0","0","0","0","0","0","0","0","0","0","0","0","0","0","0","0.000000","0.000000","0.000000","0.000000","8.000000","1.000000","8.000000","0.000000","512.000000","0.125000","1.000000","0.000000","64.000000","0","0","0","0","0","0","0","0","0.000000","0.000000","0.000000","0.000000","0.000000","0.000000","0.000000","0.000000","0","0","0","0","0","0","0","0","0","0","0","0","32.000000","256.000000","0.000000","16384.000000","0.000000","0.000000","0.000000","0.000000","4.000000","32.000000","0.000000","2048.000000","0","0","0","0","0","0","0","0","0","0","0","0"
"19","476625","python3.12","127.0.0.1","void at::<unnamed>::CatArrayBatchedCopy_aligned16_contig<at::<unnamed>::OpaqueType<4>, unsigned int, 3, 128, 1>(T1 *, at::<unnamed>::CatArrInputTensorMetadata<T1, T2, T4, T5>, at::<unnamed>::TensorSizeStride<T2, 4>, int, T2)","1","7","(128, 1, 1)","(4, 2, 1)","0","8.9","0","0","400","2","0","1","1","1","0","1","0","1","0","402","2,565,000","0","8","9","0","1","1","1","No-CC","1","1","1","0","0","NVIDIA GeForce RTX 4090","0","0","384","6","1","1","384","1","0","0","0","1","646,189,278","9,860","32,000","16","3","3","16,000","16","161","2,296,778,819","1","1","0","0","0","0","1","402","0","1","1","75,497,472","48","24","64","1","1","134,213,632","1,024","1,024","64","24","2,565,000","2,147,483,647","65,535","65,535","4","1","10,501,000","51,904,512","2,147,483,647","65,536","65,536","255","49,152","101,376","102,400","1,024","1,536","48","12","2,048","32,768","32,768","65,536","32,768","2,048","32,768","131,072","16,384","16,384","16,384","2,046","32,768","32,768","2,048","32,768","268,435,456","32,768","131,072","32,768","32,768","65,536","32,768","2,048","32,768","65,000","2,097,120","131,072","32,768","32,768","131,072","16,384","32,768","16,384","8,192","16,384","8,192","2,046","32,768","32,768","1","10,501,000","1","9","0","0","0","0","128","8","4","1","0","1","0","1","0","0","1","0","1,024","8","64","1","1","512","0","0","512","32","65,536","25,250,627,584","1","0","1","32","2.560000","4.000000","64.000000","0.000000","512.000000","4.000000","64.000000","0.000000","512.000000","0","128","1","1","128","1","0","CachePreferNone","1","4","2","1","8","","24.000000","12.000000","32.000000","12.000000","2,540","5,264","956","38","40.000000","32.768000","1.024000","1.024000","1.024000","0","0.000000","128","1,024","7","1024","64","all","0","0","0","0.01","1","1","1","1","0","0","0","0","0","0","0","0","1","0","0","0","0","0","0","0","0","0","0","94.723569","94.723569","94.723569","663.064983","94.723569","94.723569","94.723569","663.064983","7.000000","0","32.000000","128.000000","0","0","0.000000","0.000000","48.000000","100.000000","0","0","0","0","0","0","0","0","0","0","0","0","0","0","0","0","0","0","0","0","0","0","0","0","0.000000","0.000000","0.000000","0.000000","12.000000","0.062500","1.000000","0.000000","32.000000","0.250000","4.000000","0.000000","128.000000","0","0","0","0","0","0","0","0","0.000000","0.000000","0.000000","0.000000","0.000000","0.000000","0.000000","0.000000","0","0","0","0","0","0","0","0","0","0","0","0","0.000000","0.000000","0.000000","0.000000","0.000000","0.000000","0.000000","0.000000","0.000000","0.000000","0.000000","0.000000","0","0","0","0","0","0","0","0","0","0","0","0"
"20","476625","python3.12","127.0.0.1","void at::vectorized_elementwise_kernel<4, at::CUDAFunctor_add<float>, std::array<char *, 3>>(int, T2, T3)","1","7","(128, 1, 1)","(4, 1, 1)","0","8.9","0","0","400","2","0","1","1","1","0","1","0","1","0","402","2,565,000","0","8","9","0","1","1","1","No-CC","1","1","1","0","0","NVIDIA GeForce RTX 4090","0","0","384","6","1","1","384","1","0","0","0","1","646,189,278","9,860","32,000","16","3","3","16,000","16","161","2,296,778,819","1","1","0","0","0","0","1","402","0","1","1","75,497,472","48","24","64","1","1","134,213,632","1,024","1,024","64","24","2,565,000","2,147,483,647","65,535","65,535","4","1","10,501,000","51,904,512","2,147,483,647","65,536","65,536","255","49,152","101,376","102,400","1,024","1,536","48","12","2,048","32,768","32,768","65,536","32,768","2,048","32,768","131,072","16,384","16,384","16,384","2,046","32,768","32,768","2,048","32,768","268,435,456","32,768","131,072","32,768","32,768","65,536","32,768","2,048","32,768","65,000","2,097,120","131,072","32,768","32,768","131,072","16,384","32,768","16,384","8,192","16,384","8,192","2,046","32,768","32,768","1","10,501,000","1","9","0","0","0","0","128","8","4","1","0","1","0","1","0","0","1","0","1,024","8","64","1","1","512","0","0","512","32","65,536","25,250,627,584","1","0","1","32","2.048000","8.000000","256.000000","0.000000","1024.000000","4.000000","128.000000","0.000000","512.000000","0","128","1","1","128","1","0","CachePreferNone","1","4","1","1","4","","24.000000","16.000000","32.000000","12.000000","2,540","5,264","956","30","32.000000","32.768000","1.024000","1.024000","1.024000","0","0.000000","128","1,024","7","512","64","all","0","0","0","0.00","1","1","1","1","0","0","0","0","0","0","0","0","1","0","0","0","0","0","0","0","0","0","0","94.723569","94.723569","94.723569","663.064983","94.723569","94.723569","94.723569","663.064983","7.000000","0","64.000000","32.000000","0","0","0.000000","0.000000","48.000000","100.000000","0","0","0","0","0","0","0","0","0","0","0","0","0","0","0","0","0","0","0","0","0","0","0","0","0.000000","0.000000","0.000000","0.000000","12.000000","0.125000","4.000000","0.000000","64.000000","0.062500","2.000000","0.000000","32.000000","0","0","0","0","0","0","0","0","0.000000","0.000000","0.000000","0.000000","0.000000","0.000000","0.000000","0.000000","0","0","0","0","0","0","0","0","0","0","0","0","0.000000","0.000000","0.000000","0.000000","8.000000","256.000000","0.000000","4096.000000","0.000000","0.000000","0.000000","0.000000","0","0","0","0","0","0","0","0","0","0","0","0"
"21","476625","python3.12","127.0.0.1","void at::vectorized_elementwise_kernel<4, at::FillFunctor<float>, std::array<char *, 1>>(int, T2, T3)","1","7","(128, 1, 1)","(16, 1, 1)","0","8.9","0","0","400","2","0","1","1","1","0","1","0","1","0","402","2,565,000","0","8","9","0","1","1","1","No-CC","1","1","1","0","0","NVIDIA GeForce RTX 4090","0","0","384","6","1","1","384","1","0","0","0","1","646,189,278","9,860","32,000","16","3","3","16,000","16","161","2,296,778,819","1","1","0","0","0","0","1","402","0","1","1","75,497,472","48","24","64","1","1","134,213,632","1,024","1,024","64","24","2,565,000","2,147,483,647","65,535","65,535","4","1","10,501,000","51,904,512","2,147,483,647","65,536","65,536","255","49,152","101,376","102,400","1,024","1,536","48","12","2,048","32,768","32,768","65,536","32,768","2,048","32,768","131,072","16,384","16,384","16,384","2,046","32,768","32,768","2,048","32,768","268,435,456","32,768","131,072","32,768","32,768","65,536","32,768","2,048","32,768","65,000","2,097,120","131,072","32,768","32,768","131,072","16,384","32,768","16,384","8,192","16,384","8,192","2,046","32,768","32,768","1","10,501,000","1","9","0","0","0","0","128","8","4","1","0","1","0","1","0","0","1","0","1,024","8","64","1","1","512","0","0","512","32","65,536","25,250,627,584","1","0","1","32","1.760000","0.000000","0.000000","0.000000","0.000000","16.000000","128.000000","0.000000","2048.000000","0","128","1","1","128","1","0","CachePreferNone","1","16","1","1","16","","24.000000","32.000000","32.000000","12.000000","2,540","5,264","956","16","16.000000","32.768000","1.024000","1.024000","1.024000","0","0.000000","128","1,024","7","2048","64","all","0","0","0","0.01","1","1","1","1","0","0","0","0","0","0","0","0","1","0","0","0","0","0","0","0","0","0","0","94.723569","94.723569","94.723569","663.064983","94.723569","94.723569","94.723569","663.064983","7.000000","0","0.000000","128.000000","0","0","0.000000","0.000000","48.000000","100.000000","0","0","0","0","0","0","0","0","0","0","0","0","0","0","0","0","0","0","0","0","0","0","0","0","0.000000","0.000000","0.000000","0.000000","12.000000","0.000000","0.000000","0.000000","0.000000","0.250000","2.000000","0.000000","128.000000","0","0","0","0","0","0","0","0","0.000000","0.000000","0.000000","0.000000","0.000000","0.000000","0.000000","0.000000","0","0","0","0","0","0","0","0","0","0","0","0","0.000000","0.000000","0.000000","0.000000","0.000000","0.000000","0.000000","0.000000","0.000000","0.000000","0.000000","0.000000","0","0","0","0","0","0","0","0","0","0","0","0"
"22","476625","python3.12","127.0.0.1","void gemmSN_TN_kernel<float, 128, 16, 2, 4, 4, 4, 1, cublasGemvTensorStridedBatched<const float>, cublasGemvTensorStridedBatched<const float>, cublasGemvTensorStridedBatched<float>>(cublasGemmSmallNParams<T9, T10, T11, T1>)","1","7","(128, 1, 1)","(512, 1, 1)","0","8.9","0","0","400","2","0","1","1","1","0","1","0","1","0","402","2,565,000","0","8","9","0","1","1","1","No-CC","1","1","1","0","0","NVIDIA GeForce RTX 4090","0","0","384","6","1","1","384","1","0","0","0","1","646,189,278","9,860","32,000","16","3","3","16,000","16","161","2,296,778,819","1","1","0","0","0","0","1","402","0","1","1","75,497,472","48","24","64","1","1","134,213,632","1,024","1,024","64","24","2,565,000","2,147,483,647","65,535","65,535","4","1","10,501,000","51,904,512","2,147,483,647","65,536","65,536","255","49,152","101,376","102,400","1,024","1,536","48","12","2,048","32,768","32,768","65,536","32,768","2,048","32,768","131,072","16,384","16,384","16,384","2,046","32,768","32,768","2,048","32,768","268,435,456","32,768","131,072","32,768","32,768","65,536","32,768","2,048","32,768","65,000","2,097,120","131,072","32,768","32,768","131,072","16,384","32,768","16,384","8,192","16,384","8,192","2,046","32,768","32,768","1","10,501,000","1","9","0","0","0","0","128","8","4","1","0","1","0","1","0","0","1","0","1,024","8","64","1","1","512","0","0","512","32","65,536","25,250,627,584","1","0","1","32","16.576000","3601.687500","3892.000000","3456.000000","461016.000000","20.531250","39.000000","10.000000","2628.000000","1","128","1","1","128","1","0","CachePreferNone","1","512","1","1","512","","24.000000","12.000000","14.000000","12.000000","2,458","5,264","2,512","40","40.000000","102.400000","7.168000","7.168000","1.024000","0","6.144000","128","1,024","7","65536","64","all","0","0","0","0.33","1","1","1","1","0","0","0","0","0","0","0","0","1","0","0","0","0","0","0","0","0","0","0","94.723569","94.723569","94.723569","663.064983","94.723569","94.723569","94.723569","663.064983","7.000000","0","147456.000000","8192.000000","0","0","155648.000000","38912.000000","48.000000","100.000000","0","0","0","0","0","0","0","0","0","0","0","0","0","0","0","0","0","0","0","0","0","0","0","0","1216.000000","1216.000000","1216.000000","155648.000000","12.000000","288.000000","288.000000","288.000000","147456.000000","16.000000","16.000000","16.000000","8192.000000","0","0","0","0","0","0","0","0","304.000000","304.000000","304.000000","155648.000000","76.000000","76.000000","76.000000","38912.000000","0","0","0","0","0","0","0","0","0","0","0","0","2048.000000","2048.000000","2048.000000","1048576.000000","24576.000000","24576.000000","24576.000000","12582912.000000","3072.000000","3072.000000","3072.000000","1572864.000000","0","0","0","0","0","0","0","0","0","0","0","0"
"23","476625","python3.12","127.0.0.1","void at::vectorized_elementwise_kernel<4, at::CUDAFunctor_add<float>, std::array<char *, 3>>(int, T2, T3)","1","7","(128, 1, 1)","(16, 1, 1)","0","8.9","0","0","400","2","0","1","1","1","0","1","0","1","0","402","2,565,000","0","8","9","0","1","1","1","No-CC","1","1","1","0","0","NVIDIA GeForce RTX 4090","0","0","384","6","1","1","384","1","0","0","0","1","646,189,278","9,860","32,000","16","3","3","16,000","16","161","2,296,778,819","1","1","0","0","0","0","1","402","0","1","1","75,497,472","48","24","64","1","1","134,213,632","1,024","1,024","64","24","2,565,000","2,147,483,647","65,535","65,535","4","1","10,501,000","51,904,512","2,147,483,647","65,536","65,536","255","49,152","101,376","102,400","1,024","1,536","48","12","2,048","32,768","32,768","65,536","32,768","2,048","32,768","131,072","16,384","16,384","16,384","2,046","32,768","32,768","2,048","32,768","268,435,456","32,768","131,072","32,768","32,768","65,536","32,768","2,048","32,768","65,000","2,097,120","131,072","32,768","32,768","131,072","16,384","32,768","16,384","8,192","16,384","8,192","2,046","32,768","32,768","1","10,501,000","1","9","0","0","0","0","128","8","4","1","0","1","0","1","0","0","1","0","1,024","8","64","1","1","512","0","0","512","32","65,536","25,250,627,584","1","0","1","32","2.144000","32.000000","256.000000","0.000000","4096.000000","0.000000","0.000000","0.000000","0.000000","0","128","1","1","128","1","0","CachePreferNone","1","16","1","1","16","","24.000000","16.000000","32.000000","12.000000","2,540","5,264","956","30","32.000000","32.768000","1.024000","1.024000","1.024000","0","0.000000","128","1,024","7","2048","64","all","0","0","0","0.01","1","1","1","1","0","0","0","0","0","0","0","0","1","0","0","0","0","0","0","0","0","0","0","94.723569","94.723569","94.723569","663.064983","94.723569","94.723569","94.723569","663.064983","7.000000","0","256.000000","128.000000","0","0","0.000000","0.000000","48.000000","100.000000","0","0","0","0","0","0","0","0","0","0","0","0","0","0","0","0","0","0","0","0","0","0","0","0","0.000000","0.000000","0.000000","0.000000","12.000000","0.500000","4.000000","0.000000","256.000000","0.250000","2.000000","0.000000","128.000000","0","0","0","0","0","0","0","0","0.000000","0.000000","0.000000","0.000000","0.000000","0.000000","0.000000","0.000000","0","0","0","0","0","0","0","0","0","0","0","0","0.000000","0.000000","0.000000","0.000000","32.000000","256.000000","0.000000","16384.000000","0.000000","0.000000","0.000000","0.000000","0","0","0","0","0","0","0","0","0","0","0","0"
"24","476625","python3.12","127.0.0.1","void gemmSN_TN_kernel<float, 128, 16, 2, 4, 4, 4, 1, cublasGemvTensorStridedBatched<const float>, cublasGemvTensorStridedBatched<const float>, cublasGemvTensorStridedBatched<float>>(cublasGemmSmallNParams<T9, T10, T11, T1>)","1","7","(128, 1, 1)","(512, 1, 1)","0","8.9","0","0","400","2","0","1","1","1","0","1","0","1","0","402","2,565,000","0","8","9","0","1","1","1","No-CC","1","1","1","0","0","NVIDIA GeForce RTX 4090","0","0","384","6","1","1","384","1","0","0","0","1","646,189,278","9,860","32,000","16","3","3","16,000","16","161","2,296,778,819","1","1","0","0","0","0","1","402","0","1","1","75,497,472","48","24","64","1","1","134,213,632","1,024","1,024","64","24","2,565,000","2,147,483,647","65,535","65,535","4","1","10,501,000","51,904,512","2,147,483,647","65,536","65,536","255","49,152","101,376","102,400","1,024","1,536","48","12","2,048","32,768","32,768","65,536","32,768","2,048","32,768","131,072","16,384","16,384","16,384","2,046","32,768","32,768","2,048","32,768","268,435,456","32,768","131,072","32,768","32,768","65,536","32,768","2,048","32,768","65,000","2,097,120","131,072","32,768","32,768","131,072","16,384","32,768","16,384","8,192","16,384","8,192","2,046","32,768","32,768","1","10,501,000","1","9","0","0","0","0","128","8","4","1","0","1","0","1","0","0","1","0","1,024","8","64","1","1","512","0","0","512","32","65,536","25,250,627,584","1","0","1","32","7.904000","1152.000000","1152.000000","1152.000000","147456.000000","21.171875","48.000000","8.000000","2710.000000","1","128","1","1","128","1","0","CachePreferNone","1","512","1","1","512","","24.000000","12.000000","14.000000","12.000000","2,458","5,264","2,512","40","40.000000","102.400000","7.168000","7.168000","1.024000","0","6.144000","128","1,024","7","65536","64","all","0","0","0","0.33","1","1","1","1","0","0","0","0","0","0","0","0","1","0","0","0","0","0","0","0","0","0","0","94.723569","94.723569","94.723569","663.064983","94.723569","94.723569","94.723569","663.064983","7.000000","0","49152.000000","8192.000000","0","0","73728.000000","14336.000000","48.000000","100.000000","0","0","0","0","0","0","0","0","0","0","0","0","0","0","0","0","0","0","0","0","0","0","0","0","576.000000","576.000000","576.000000","73728.000000","12.000000","96.000000","96.000000","96.000000","49152.000000","16.000000","16.000000","16.000000","8192.000000","0","0","0","0","0","0","0","0","144.000000","144.000000","144.000000","73728.000000","28.000000","28.000000","28.000000","14336.000000","0","0","0","0","0","0","0","0","0","0","0","0","1024.000000","1024.000000","1024.000000","524288.000000","8192.000000","8192.000000","8192.000000","4194304.000000","1024.000000","1024.000000","1024.000000","524288.000000","0","0","0","0","0","0","0","0","0","0","0","0"
"25","476625","python3.12","127.0.0.1","void at::vectorized_elementwise_kernel<4, at::CUDAFunctor_add<float>, std::array<char *, 3>>(int, T2, T3)","1","7","(128, 1, 1)","(16, 1, 1)","0","8.9","0","0","400","2","0","1","1","1","0","1","0","1","0","402","2,565,000","0","8","9","0","1","1","1","No-CC","1","1","1","0","0","NVIDIA GeForce RTX 4090","0","0","384","6","1","1","384","1","0","0","0","1","646,189,278","9,860","32,000","16","3","3","16,000","16","161","2,296,778,819","1","1","0","0","0","0","1","402","0","1","1","75,497,472","48","24","64","1","1","134,213,632","1,024","1,024","64","24","2,565,000","2,147,483,647","65,535","65,535","4","1","10,501,000","51,904,512","2,147,483,647","65,536","65,536","255","49,152","101,376","102,400","1,024","1,536","48","12","2,048","32,768","32,768","65,536","32,768","2,048","32,768","131,072","16,384","16,384","16,384","2,046","32,768","32,768","2,048","32,768","268,435,456","32,768","131,072","32,768","32,768","65,536","32,768","2,048","32,768","65,000","2,097,120","131,072","32,768","32,768","131,072","16,384","32,768","16,384","8,192","16,384","8,192","2,046","32,768","32,768","1","10,501,000","1","9","0","0","0","0","128","8","4","1","0","1","0","1","0","0","1","0","1,024","8","64","1","1","512","0","0","512","32","65,536","25,250,627,584","1","0","1","32","2.144000","32.000000","256.000000","0.000000","4096.000000","0.000000","0.000000","0.000000","0.000000","0","128","1","1","128","1","0","CachePreferNone","1","16","1","1","16","","24.000000","16.000000","32.000000","12.000000","2,540","5,264","956","30","32.000000","32.768000","1.024000","1.024000","1.024000","0","0.000000","128","1,024","7","2048","64","all","0","0","0","0.01","1","1","1","1","0","0","0","0","0","0","0","0","1","0","0","0","0","0","0","0","0","0","0","94.723569","94.723569","94.723569","663.064983","94.723569","94.723569","94.723569","663.064983","7.000000","0","256.000000","128.000000","0","0","0.000000","0.000000","48.000000","100.000000","0","0","0","0","0","0","0","0","0","0","0","0","0","0","0","0","0","0","0","0","0","0","0","0","0.000000","0.000000","0.000000","0.000000","12.000000","0.500000","4.000000","0.000000","256.000000","0.250000","2.000000","0.000000","128.000000","0","0","0","0","0","0","0","0","0.000000","0.000000","0.000000","0.000000","0.000000","0.000000","0.000000","0.000000","0","0","0","0","0","0","0","0","0","0","0","0","0.000000","0.000000","0.000000","0.000000","32.000000","256.000000","0.000000","16384.000000","0.000000","0.000000","0.000000","0.000000","0","0","0","0","0","0","0","0","0","0","0","0"
"26","476625","python3.12","127.0.0.1","void at::vectorized_elementwise_kernel<4, at::GeluCUDAKernelImpl(at::TensorIteratorBase &, at::GeluType)::[lambda() (instance 2)]::operator ()() const::[lambda() (instance 2)]::operator ()() const::[lambda(float) (instance 1)], std::array<char *, 2>>(int, T2, T3)","1","7","(128, 1, 1)","(16, 1, 1)","0","8.9","0","0","400","2","0","1","1","1","0","1","0","1","0","402","2,565,000","0","8","9","0","1","1","1","No-CC","1","1","1","0","0","NVIDIA GeForce RTX 4090","0","0","384","6","1","1","384","1","0","0","0","1","646,189,278","9,860","32,000","16","3","3","16,000","16","161","2,296,778,819","1","1","0","0","0","0","1","402","0","1","1","75,497,472","48","24","64","1","1","134,213,632","1,024","1,024","64","24","2,565,000","2,147,483,647","65,535","65,535","4","1","10,501,000","51,904,512","2,147,483,647","65,536","65,536","255","49,152","101,376","102,400","1,024","1,536","48","12","2,048","32,768","32,768","65,536","32,768","2,048","32,768","131,072","16,384","16,384","16,384","2,046","32,768","32,768","2,048","32,768","268,435,456","32,768","131,072","32,768","32,768","65,536","32,768","2,048","32,768","65,000","2,097,120","131,072","32,768","32,768","131,072","16,384","32,768","16,384","8,192","16,384","8,192","2,046","32,768","32,768","1","10,501,000","1","9","0","0","0","0","128","8","4","1","0","1","0","1","0","0","1","0","1,024","8","64","1","1","512","0","0","512","32","65,536","25,250,627,584","1","0","1","32","2.272000","16.000000","128.000000","0.000000","2048.000000","16.000000","128.000000","0.000000","2048.000000","0","128","1","1","128","1","0","CachePreferNone","1","16","1","1","16","","24.000000","12.000000","32.000000","12.000000","2,540","5,264","956","40","40.000000","32.768000","1.024000","1.024000","1.024000","0","0.000000","128","1,024","7","2048","64","all","0","0","0","0.01","1","1","1","1","0","0","0","0","0","0","0","0","1","0","0","0","0","0","0","0","0","0","0","94.723738","94.723738","94.723738","663.066166","94.723738","94.723738","94.723738","663.066166","7.000000","0","128.000000","128.000000","0","0","0.000000","0.000000","48.000000","100.000000","0","0","0","0","0","0","0","0","0","0","0","0","0","0","0","0","0","0","0","0","0","0","0","0","0.000000","0.000000","0.000000","0.000000","12.000000","0.250000","2.000000","0.000000","128.000000","0.250000","2.000000","0.000000","128.000000","0","0","0","0","0","0","0","0","0.000000","0.000000","0.000000","0.000000","0.000000","0.000000","0.000000","0.000000","0","0","0","0","0","0","0","0","0","0","0","0","32.634766","268.000000","0.000000","16709.000000","224.000000","1792.000000","0.000000","114688.000000","128.000000","1024.000000","0.000000","65536.000000","0","0","0","0","0","0","0","0","0","0","0","0"
"27","476625","python3.12","127.0.0.1","ampere_sgemm_64x32_sliced1x4_tn","1","7","(256, 1, 1)","(16, 1, 8)","0","8.9","0","0","400","2","0","1","1","1","0","1","0","1","0","402","2,565,000","0","8","9","0","1","1","1","No-CC","1","1","1","0","0","NVIDIA GeForce RTX 4090","0","0","384","6","1","1","384","1","0","0","0","1","646,189,278","9,860","32,000","16","3","3","16,000","16","161","2,296,778,819","1","1","0","0","0","0","1","402","0","1","1","75,497,472","48","24","64","1","1","134,213,632","1,024","1,024","64","24","2,565,000","2,147,483,647","65,535","65,535","4","1","10,501,000","51,904,512","2,147,483,647","65,536","65,536","255","49,152","101,376","102,400","1,024","1,536","48","12","2,048","32,768","32,768","65,536","32,768","2,048","32,768","131,072","16,384","16,384","16,384","2,046","32,768","32,768","2,048","32,768","268,435,456","32,768","131,072","32,768","32,768","65,536","32,768","2,048","32,768","65,000","2,097,120","131,072","32,768","32,768","131,072","16,384","32,768","16,384","8,192","16,384","8,192","2,046","32,768","32,768","1","10,501,000","1","9","0","0","0","0","128","8","4","1","0","1","0","1","0","0","1","0","1,024","8","64","1","1","512","0","0","512","32","65,536","25,250,627,584","1","0","1","32","22.432000","4352.000000","4352.000000","4352.000000","557056.000000","32.000000","32.000000","32.000000","4096.000000","1","256","1","1","256","1","0","CachePreferNone","1","16","1","8","128","","24.000000","2.000000","2.000000","6.000000","532","3,088","2,112","82","88.000000","65.536000","27.648000","27.648000","1.024000","0","26.624000","128","1,024","7","32768","64","all","0","0","0","0.50","1","1","1","1","0","0","0","0","0","0","0","0","1","0","0","0","0","0","0","0","0","0","0","94.723738","94.723738","94.723738","663.066166","94.723738","94.723738","94.723738","663.066166","7.000000","0","139264.000000","1024.000000","0","0","433152.000000","218112.000000","16.000000","33.333333","0","0","0","0","0","0","0","0","0","0","0","0","0","0","0","0","0","0","0","0","0","0","0","0","3384.000000","3384.000000","3384.000000","433152.000000","4.000000","272.000000","272.000000","272.000000","139264.000000","2.000000","8.000000","0.000000","1024.000000","0","0","0","0","0","0","0","0","846.000000","846.000000","846.000000","433152.000000","426.000000","426.000000","426.000000","218112.000000","0","0","0","0","0","0","0","0","0","0","0","0","1536.000000","1536.000000","1536.000000","786432.000000","262144.000000","262144.000000","262144.000000","134217728.000000","2048.000000","2048.000000","2048.000000","1048576.000000","0","0","0","0","0","0","0","0","0","0","0","0"
"28","476625","python3.12","127.0.0.1","void cublasLt::splitKreduce_kernel<32, 16, int, float, float, float, float, 0, float, float, float, 1, 0, 0>(cublasLt::cublasSplitKParams<T6>, const T4 *, const T10 *, T9 *, T5 *, const T6 *, const T6 *, const T11 *, const T4 *, T11 *, void *, long, T6 *, int *, T6 *, T6 *, const T6 *, const T6 *, const T6 *, const T6 *, const T6 *)","1","7","(32, 16, 1)","(32, 1, 1)","0","8.9","0","0","400","2","0","1","1","1","0","1","0","1","0","402","2,565,000","0","8","9","0","1","1","1","No-CC","1","1","1","0","0","NVIDIA GeForce RTX 4090","0","0","384","6","1","1","384","1","0","0","0","1","646,189,278","9,860","32,000","16","3","3","16,000","16","161","2,296,778,819","1","1","0","0","0","0","1","402","0","1","1","75,497,472","48","24","64","1","1","134,213,632","1,024","1,024","64","24","2,565,000","2,147,483,647","65,535","65,535","4","1","10,501,000","51,904,512","2,147,483,647","65,536","65,536","255","49,152","101,376","102,400","1,024","1,536","48","12","2,048","32,768","32,768","65,536","32,768","2,048","32,768","131,072","16,384","16,384","16,384","2,046","32,768","32,768","2,048","32,768","268,435,456","32,768","131,072","32,768","32,768","65,536","32,768","2,048","32,768","65,000","2,097,120","131,072","32,768","32,768","131,072","16,384","32,768","16,384","8,192","16,384","8,192","2,046","32,768","32,768","1","10,501,000","1","9","0","0","0","0","128","8","4","1","0","1","0","1","0","0","1","0","1,024","8","64","1","1","512","0","0","512","32","65,536","25,250,627,584","1","0","1","32","2.208000","32.000000","128.000000","0.000000","4096.000000","4.000000","16.000000","0.000000","512.000000","0","32","16","1","512","1","0","CachePreferNone","1","32","1","1","32","","24.000000","2.000000","8.000000","3.000000","1,950","3,760","1,696","44","48.000000","8.192000","1.024000","1.024000","1.024000","0","0.000000","128","1,024","7","16384","64","all","0","0","0","0.12","1","1","1","1","0","0","0","0","0","0","0","0","1","0","0","0","0","0","0","0","0","0","0","94.723738","94.723738","94.723738","663.066166","94.723738","94.723738","94.723738","663.066166","7.000000","0","1024.000000","128.000000","0","0","0.000000","0.000000","32.000000","66.666667","0","0","0","0","0","0","0","0","0","0","0","0","0","0","0","0","0","0","0","0","0","0","0","0","0.000000","0.000000","0.000000","0.000000","8.000000","2.000000","8.000000","0.000000","1024.000000","0.250000","1.000000","0.000000","128.000000","0","0","0","0","0","0","0","0","0.000000","0.000000","0.000000","0.000000","0.000000","0.000000","0.000000","0.000000","0","0","0","0","0","0","0","0","0","0","0","0","64.000000","256.000000","0.000000","32768.000000","0.000000","0.000000","0.000000","0.000000","8.000000","32.000000","0.000000","4096.000000","0","0","0","0","0","0","0","0","0","0","0","0"
"29","476625","python3.12","127.0.0.1","void at::vectorized_elementwise_kernel<4, at::CUDAFunctor_add<float>, std::array<char *, 3>>(int, T2, T3)","1","7","(128, 1, 1)","(4, 1, 1)","0","8.9","0","0","400","2","0","1","1","1","0","1","0","1","0","402","2,565,000","0","8","9","0","1","1","1","No-CC","1","1","1","0","0","NVIDIA GeForce RTX 4090","0","0","384","6","1","1","384","1","0","0","0","1","646,189,278","9,860","32,000","16","3","3","16,000","16","161","2,296,778,819","1","1","0","0","0","0","1","402","0","1","1","75,497,472","48","24","64","1","1","134,213,632","1,024","1,024","64","24","2,565,000","2,147,483,647","65,535","65,535","4","1","10,501,000","51,904,512","2,147,483,647","65,536","65,536","255","49,152","101,376","102,400","1,024","1,536","48","12","2,048","32,768","32,768","65,536","32,768","2,048","32,768","131,072","16,384","16,384","16,384","2,046","32,768","32,768","2,048","32,768","268,435,456","32,768","131,072","32,768","32,768","65,536","32,768","2,048","32,768","65,000","2,097,120","131,072","32,768","32,768","131,072","16,384","32,768","16,384","8,192","16,384","8,192","2,046","32,768","32,768","1","10,501,000","1","9","0","0","0","0","128","8","4","1","0","1","0","1","0","0","1","0","1,024","8","64","1","1","512","0","0","512","32","65,536","25,250,627,584","1","0","1","32","2.048000","8.000000","256.000000","0.000000","1024.000000","4.000000","128.000000","0.000000","512.000000","0","128","1","1","128","1","0","CachePreferNone","1","4","1","1","4","","24.000000","16.000000","32.000000","12.000000","2,540","5,264","956","30","32.000000","32.768000","1.024000","1.024000","1.024000","0","0.000000","128","1,024","7","512","64","all","0","0","0","0.00","1","1","1","1","0","0","0","0","0","0","0","0","1","0","0","0","0","0","0","0","0","0","0","94.723738","94.723738","94.723738","663.066166","94.723738","94.723738","94.723738","663.066166","7.000000","0","64.000000","32.000000","0","0","0.000000","0.000000","48.000000","100.000000","0","0","0","0","0","0","0","0","0","0","0","0","0","0","0","0","0","0","0","0","0","0","0","0","0.000000","0.000000","0.000000","0.000000","12.000000","0.125000","4.000000","0.000000","64.000000","0.062500","2.000000","0.000000","32.000000","0","0","0","0","0","0","0","0","0.000000","0.000000","0.000000","0.000000","0.000000","0.000000","0.000000","0.000000","0","0","0","0","0","0","0","0","0","0","0","0","0.000000","0.000000","0.000000","0.000000","8.000000","256.000000","0.000000","4096.000000","0.000000","0.000000","0.000000","0.000000","0","0","0","0","0","0","0","0","0","0","0","0"
